,名称,付款人数,价格,商品连接,图片连接
0,https://detail.tmall.com/item.htm?id=555563181860&ns=1&abbucket=11,https://g-search3.alicdn.com/img/bao/uploaded/i4/i1/1098943932/O1CN01biIv1t1eutxhC3LUy_!!0-item_pic.jpg_180x180.jpg_.webp,指甲贴片美甲贴片可穿戴美甲穿戴式女甲片成品可反复用拆卸,¥16.00,1.5万+
1,https://item.taobao.com/item.htm?id=552354462883&ns=1&abbucket=11#detail,https://g-search3.alicdn.com/img/bao/uploaded/i4/i3/2923472371/O1CN01Ly6Ztw1TNxjvNOl6z_!!2923472371.jpg_180x180.jpg_.webp,春季韩国网红可爱指甲贴纸女3d防水持久美甲贴纸全贴成品片,¥2.98,1.0万+
2,https://item.taobao.com/item.htm?id=615243633048&ns=1&abbucket=11#detail,https://g-search1.alicdn.com/img/bao/uploaded/i4/i2/1600356724/O1CN01SwShek1zXdlWNTPNq_!!1600356724.jpg_180x180.jpg_.webp,美甲指甲贴片成品可拆卸穿戴美甲反复女可摘可戴中长款欧美假,¥9.80,1.0万+
3,https://detail.tmall.com/item.htm?id=571801280663&ns=1&abbucket=11,https://g-search2.alicdn.com/img/bao/uploaded/i4/i1/2090554232/O1CN01JcuJ4E1h8IoJgCbuL_!!0-item_pic.jpg_180x180.jpg_.webp,迪士尼儿童指甲贴纸女宝宝美甲纹身贴画冰雪奇缘爱莎公主卡通艾莎,¥7.80,1.0万+
4,https://item.taobao.com/item.htm?id=614754470637&ns=1&abbucket=11#detail,https://g-search1.alicdn.com/img/bao/uploaded/i4/i3/2638797388/O1CN01Uumc4U24RkncGjAcF_!!0-item_pic.jpg_180x180.jpg_.webp,法式欧美裸色学生自由拆卸穿戴持久可反复使用美甲成品假片,¥9.90,9000+
5,https://detail.tmall.com/item.htm?id=631658660164&ns=1&abbucket=11,https://g-search1.alicdn.com/img/bao/uploaded/i4/i1/2206560522974/O1CN01FVA51b1Xq8XqjGevF_!!0-item_pic.jpg_180x180.jpg_.webp,甲片美甲贴片超薄无痕成品可拆卸穿戴式透明全贴延长假片胶水,¥11.90,9000+
6,https://item.taobao.com/item.htm?id=632007049540&ns=1&abbucket=11#detail,https://g-search2.alicdn.com/img/bao/uploaded/i4/i4/2176368383/O1CN01Cvdun42BnSsKVEXbr_!!0-item_pic.jpg_180x180.jpg_.webp,果冻裸咖茶色穿戴美甲中长圆头纯色可穿戴可拆卸假成品片,¥9.90,9000+
7,https://detail.tmall.com/item.htm?id=606194344844&ns=1&abbucket=11,https://g-search2.alicdn.com/img/bao/uploaded/i4/i1/1798803972/O1CN01NaBcXP1fDDox9O9lL_!!0-item_pic.jpg_180x180.jpg_.webp,甲片假指甲贴片美甲成品拆卸穿戴式女胶水超薄无痕透明延长甲盒装,¥12.00,9000+
8,https://detail.tmall.com/item.htm?id=637665236700&ns=1&abbucket=11,https://g-search3.alicdn.com/img/bao/uploaded/i4/i1/2207376884619/O1CN01KHzyeP1jzY5SreanY_!!0-item_pic.jpg_180x180.jpg_.webp,日系超薄甲片成品拆卸免刻磨无痕透明全贴半贴延长美甲店专用,¥18.00,8000+
9,https://item.taobao.com/item.htm?id=576953409283&ns=1&abbucket=11#detail,https://g-search2.alicdn.com/img/bao/uploaded/i4/i4/670358050/O1CN0112fjXR29KwzaIymLc_!!670358050.jpg_180x180.jpg_.webp,穿戴式甲片假指甲长短款可拆卸网红抖音成品新娘学生孕妇美甲片,¥9.80,7500+
10,https://detail.tmall.com/item.htm?id=618836879400&ns=1&abbucket=11,https://g-search3.alicdn.com/img/bao/uploaded/i4/i4/3937219703/O1CN01N0etfC2LY1h3zPC1d_!!3937219703-0-C2M.jpg_180x180.jpg_.webp,儿童指甲贴纸宝宝彩虹水果防水美甲贴女孩动物款卡通安全手指钻画,¥1.90,7500+
11,https://item.taobao.com/item.htm?id=613682663300&ns=1&abbucket=11#detail,https://g-search3.alicdn.com/img/bao/uploaded/i4/i1/271476285/O1CN014ss4mv1wIZrREKgFG_!!271476285.jpg_180x180.jpg_.webp,日系超薄甲片成品拆卸免刻磨无痕透明全贴半贴延长美甲店专用,¥18.80,7500+
12,https://detail.tmall.com/item.htm?id=628529712346&ns=1&abbucket=11,https://g-search3.alicdn.com/img/bao/uploaded/i4/i2/2206567368008/O1CN01J79DC2291iMZF6Kjh_!!2206567368008-0-C2M.jpg_180x180.jpg_.webp,指甲贴片美甲贴片可穿戴指甲贴可反复使用全贴卡通装饰立体,¥2.50,6000+
13,https://detail.tmall.com/item.htm?id=623381940551&ns=1&abbucket=11,https://g-search3.alicdn.com/img/bao/uploaded/i4/i1/3937219703/O1CN012RDepK2LY1h7MgwD5_!!3937219703-0-C2M.jpg_180x180.jpg_.webp,指甲贴片美甲帖穿戴美甲贴片假指甲可拆卸甲片成品摘戴套装,¥1.90,5500+
14,https://detail.tmall.com/item.htm?id=16223260850&ns=1&abbucket=11,https://g-search2.alicdn.com/img/bao/uploaded/i4/i4/726650979/O1CN01MKPTWl1J6QPERKIlg_!!0-item_pic.jpg_180x180.jpg_.webp,甲片美甲贴片超薄无痕成品拆卸穿戴式透明胶水延长甲假片盒装,¥12.00,5500+
15,https://detail.tmall.com/item.htm?id=564831882768&ns=1&abbucket=11,https://g-search3.alicdn.com/img/bao/uploaded/i4/i3/1090137190/O1CN01mpP9ZP22z4NpbQ7rN_!!0-item_pic.jpg_180x180.jpg_.webp,延长胶美甲快速光疗水晶胶无纸托免指甲贴片粘钻饰品工具套装全套,¥8.00,5500+
16,https://detail.tmall.com/item.htm?id=631684750450&ns=1&abbucket=11,https://g-search2.alicdn.com/img/bao/uploaded/i4/i1/2206560522974/O1CN01p5jEcr1Xq8XvRiBCQ_!!0-item_pic.jpg_180x180.jpg_.webp,水晶延长胶美甲快速光疗免无纸托透明指甲贴片粘饰品工具套装全套,¥17.00,5500+
17,https://detail.tmall.com/item.htm?id=613800844734&ns=1&abbucket=11,https://g-search3.alicdn.com/img/bao/uploaded/i4/i3/334836008/O1CN01HqQ7Aj1uFiCTyDOQi_!!0-item_pic.jpg_180x180.jpg_.webp,高粘度假指甲片双面果冻胶美甲贴片穿戴防水式孕妇专用胶持久拆卸,¥8.80,4895
18,https://detail.tmall.com/item.htm?id=609865712476&ns=1&abbucket=11,https://g-search3.alicdn.com/img/bao/uploaded/i4/i2/3937219703/O1CN01dHSM2U2LY1h3zOBc7_!!3937219703-0-C2M.jpg_180x180.jpg_.webp,儿童指甲贴纸宝宝彩虹水果防水美甲贴女孩动物款卡通安全手指画,¥2.90,4672
19,https://item.taobao.com/item.htm?id=604342967590&ns=1&abbucket=11#detail,https://g-search3.alicdn.com/img/bao/uploaded/i4/i1/53000265/O1CN01Z91eln1DpPbYduEUY_!!53000265.jpg_180x180.jpg_.webp,网红无痕甲片新款超薄全贴甲假指甲延长免刻磨穿戴甲美甲店专用,¥16.80,4296
20,https://detail.tmall.com/item.htm?id=632291375317&ns=1&abbucket=11,https://g-search2.alicdn.com/img/bao/uploaded/i4/i1/2421630186/O1CN01KRQyC01DFEJKs9KUt_!!0-item_pic.jpg_180x180.jpg_.webp,搏乐美甲贴片超薄无痕全半两用贴磨砂假指甲甲片成品专用拆卸盒装,¥28.00,4228
21,https://item.taobao.com/item.htm?id=579358389192&ns=1&abbucket=11#detail,https://g-search1.alicdn.com/img/bao/uploaded/i4/i1/1109213336/O1CN01ni1yHQ1aVvvyiN2IB_!!1109213336.jpg_180x180.jpg_.webp,网红春夏小清新防水持久3d指甲贴纸贴片女可拆卸穿戴美甲纸全,¥2.98,4194
22,https://item.taobao.com/item.htm?id=569993705241&ns=1&abbucket=11#detail,https://g-search2.alicdn.com/img/bao/uploaded/i4/i1/2176368383/O1CN01ZLOj1O2BnSshUYQ8x_!!0-item_pic.jpg_180x180.jpg_.webp,假指甲贴片美甲成品甲片女可摘带欧美中长款可反复自由拆卸可穿戴,¥9.90,4080
23,https://detail.tmall.com/item.htm?id=595063642483&ns=1&abbucket=11,https://g-search3.alicdn.com/img/bao/uploaded/i4/i1/647775893/O1CN01rBTPIA1tP2cKkuKzg_!!0-item_pic.jpg_180x180.jpg_.webp,指甲贴片美甲成品穿戴式假指甲可拆卸美甲工具新娘成品美甲片,¥15.90,3980
24,https://detail.tmall.com/item.htm?id=614060954789&ns=1&abbucket=11,https://g-search2.alicdn.com/img/bao/uploaded/i4/i3/3937219703/O1CN01zkABUB2LY1h9UI8TE_!!3937219703-0-C2M.jpg_180x180.jpg_.webp,美甲双面果冻胶穿戴假指甲专用指甲贴贴片透明贴胶水甲片面胶成品,¥2.90,3829
25,https://detail.tmall.com/item.htm?id=620864058358&ns=1&abbucket=11,https://g-search1.alicdn.com/img/bao/uploaded/i4/i1/2204110503895/O1CN01UFKVru1edxLEOw9s5_!!2204110503895-0-picasso.jpg_180x180.jpg_.webp,【冰透奶茶】指甲贴纸贴片美甲贴纸ins甲片成品防水可拆卸3d穿戴,¥22.80,3656
26,https://item.taobao.com/item.htm?id=632306774284&ns=1&abbucket=11#detail,https://g-search2.alicdn.com/img/bao/uploaded/i4/i1/2176981681/O1CN01RWL3IH1OHwS0d08bf_!!2176981681-0-picasso.jpg_180x180.jpg_.webp,指甲贴片美甲贴可拆卸穿戴式女果冻胶贴甲片成品假可反复使用,¥9.80,3590
27,https://detail.tmall.com/item.htm?id=618785077686&ns=1&abbucket=11,https://g-search2.alicdn.com/img/bao/uploaded/i4/i1/1040581019/O1CN01oKuDOU1JOkCvuD82x_!!0-item_pic.jpg_180x180.jpg_.webp,迪士尼儿童指甲贴冰雪奇缘2公主卡通指甲贴纸女宝宝美甲纹身画,¥5.80,3360
28,https://detail.tmall.com/item.htm?id=45478455889&ns=1&abbucket=11,https://g-search3.alicdn.com/img/bao/uploaded/i4/i1/2421630186/O1CN0195drgs1DFEIFVqza7_!!0-item_pic.jpg_180x180.jpg_.webp,搏乐美甲甲片超薄无痕透明全贴半贴延长假指甲贴片盒装胶水粘合剂,¥8.00,3343
29,https://item.taobao.com/item.htm?id=588259161835&ns=1&abbucket=11#detail,https://g-search3.alicdn.com/img/bao/uploaded/i4/i2/2183115362/O1CN01WTOsuX1pTqMVTV4xS_!!0-item_pic.jpg_180x180.jpg_.webp,美甲珍珠饰品平底日系立体半圆形小混合盘盒装贴指甲钻石全套水钻,¥6.10,3338
30,https://detail.tmall.com/item.htm?id=623433242712&ns=1&abbucket=11,https://g-search2.alicdn.com/img/bao/uploaded/i4/i1/2208200499199/O1CN01PsZ1cV2HpC1PcQMuC_!!0-item_pic.jpg_180x180.jpg_.webp,瑰冠指甲贴片美甲贴片穿戴反复使用穿戴式女甲片成品可拆卸,¥29.00,3326
31,https://detail.tmall.com/item.htm?id=620780655150&ns=1&abbucket=11,https://g-search1.alicdn.com/img/bao/uploaded/i4/i3/3937219703/O1CN01yaHPvt2LY1h7xk9FY_!!3937219703-0-C2M.jpg_180x180.jpg_.webp,指甲贴片美甲可穿戴指甲贴可卡通装饰立体成品天天拆卸甲纸光疗,¥1.80,3146
32,https://item.taobao.com/item.htm?id=586141913787&ns=1&abbucket=11#detail,https://g-search3.alicdn.com/img/bao/uploaded/i4/i4/2685282339/O1CN01EkoxUt1T9J1fHibd8_!!2685282339.jpg_180x180.jpg_.webp,儿童指甲贴纸女孩宝宝时尚防水卡通指甲贴片韩国可爱美甲化妆画,¥7.49,3131
33,https://detail.tmall.com/item.htm?id=630366214307&ns=1&abbucket=11,https://g-search2.alicdn.com/img/bao/uploaded/i4/i3/3937219703/O1CN01HNB5ok2LY1h8oox0Q_!!3937219703-0-C2M.jpg_180x180.jpg_.webp,果冻胶美甲贴高粘度双面穿戴式假指甲片专用可拆卸防水脚趾甲胶,¥2.90,3087
34,https://detail.tmall.com/item.htm?id=632040472531&ns=1&abbucket=11,https://g-search2.alicdn.com/img/bao/uploaded/i4/i1/2206560522974/O1CN01BMSCGe1Xq8Y54Fxv0_!!0-item_pic.jpg_180x180.jpg_.webp,美甲饰品新款金箔纸贝壳片钻石水钻装饰珍珠蝴蝶指甲片网红爆款,¥9.00,3064
35,https://item.taobao.com/item.htm?id=581914386592&ns=1&abbucket=11#detail,https://g-search2.alicdn.com/img/bao/uploaded/i4/i4/2638797388/O1CN01QHISdR24Rknco0Pps_!!0-item_pic.jpg_180x180.jpg_.webp,假指甲贴片磨砂欧美加长款短款梯形可反复使用穿戴可拆卸美甲成品,¥9.90,3037
36,https://item.taobao.com/item.htm?id=616206764240&ns=1&abbucket=11#detail,https://g-search2.alicdn.com/img/bao/uploaded/i4/i4/1891127011/O1CN01lwjYrn21f5TbNhtJh_!!0-item_pic.jpg_180x180.jpg_.webp,韩国樱花朵朵美甲贴小孩小彩花指甲贴儿童环保指甲画防水持久,¥9.90,2992
37,https://item.taobao.com/item.htm?id=623129743884&ns=1&abbucket=11#detail,https://g-search3.alicdn.com/img/bao/uploaded/i4/i1/2176368383/O1CN0114zuaS2BnSpttfHFt_!!2176368383.jpg_180x180.jpg_.webp,银色闪粉蝴蝶中长圆头指甲片假指甲可拆卸成品假指甲片持久穿戴,¥15.00,2964
38,https://item.taobao.com/item.htm?id=625722574163&ns=1&abbucket=11#detail,https://g-search1.alicdn.com/img/bao/uploaded/i4/i4/690735085/O1CN01nMnpBn1nQyacqoc2r_!!690735085.jpg_180x180.jpg_.webp,韩国公主女孩美甲贴花儿童宝宝卡通指甲贴小朋友礼物安全环保纸,¥9.98,2939
39,https://detail.tmall.com/item.htm?id=556965204957&ns=1&abbucket=11,https://g-search3.alicdn.com/img/bao/uploaded/i4/i4/726650979/O1CN01oql03c1J6QP4vhKEq_!!0-item_pic.jpg_180x180.jpg_.webp,大力粘钻胶美甲免洗超牢固强力贴钻持久光疗指甲饰品水钻加固钻石,¥18.00,2844
40,https://detail.tmall.com/item.htm?id=620271539583&ns=1&abbucket=11,https://g-search2.alicdn.com/img/bao/uploaded/i4/i1/896809771/O1CN01kaQr0o2M3AZ21zzmd_!!896809771-0-lubanu-s.jpg_180x180.jpg_.webp,允薇指甲贴片可穿戴可反复使用穿戴式美甲贴女拆卸甲片成品,¥14.90,2818
41,https://item.taobao.com/item.htm?id=570220901460&ns=1&abbucket=11#detail,https://g-search2.alicdn.com/img/bao/uploaded/i4/i1/3598453639/O1CN01og7n8R1ckhtvJv47m_!!0-item_pic.jpg_180x180.jpg_.webp,美甲贴指甲贴指甲贴纸美甲贴纸全贴防水持久3d手指甲纸片美甲,¥9.90,2721
42,https://item.taobao.com/item.htm?id=629711084726&ns=1&abbucket=11#detail,https://g-search2.alicdn.com/img/bao/uploaded/i4/i1/863477872/O1CN01IdDLcv281QTfOybnd_!!863477872.jpg_180x180.jpg_.webp,假指甲贴片成品美甲贴片穿戴甲波点糖果色法式指甲片防水24片,¥3.88,2720
43,https://item.taobao.com/item.htm?id=634944262780&ns=1&abbucket=11#detail,https://g-search3.alicdn.com/img/bao/uploaded/i4/i3/3464708388/O1CN01IWxVJR2BpkqWPfjyE_!!3464708388.jpg_180x180.jpg_.webp,2021年美甲饰品柳丁贝壳片钻石平底水钻装饰珍珠指甲片混装爆款,¥8.80,2703
44,https://item.taobao.com/item.htm?id=632422430685&ns=1&abbucket=11#detail,https://g-search3.alicdn.com/img/bao/uploaded/i4/i2/2258192535/O1CN01PlGdI31Ub4fNKMPRQ_!!0-item_pic.jpg_180x180.jpg_.webp,超薄果冻胶美甲贴高粘度假指甲双面穿戴式甲片贴胶水持久可拆卸,¥6.50,2552
45,https://detail.tmall.com/item.htm?id=626640853029&ns=1&abbucket=11,https://g-search3.alicdn.com/img/bao/uploaded/i4/i1/2208200499199/O1CN01Ms6hjk2HpC1uKhSJ2_!!0-item_pic.jpg_180x180.jpg_.webp,指甲贴片穿戴美甲甲片成品可反复拆卸假指甲可取可带穿戴式女防水,¥29.00,2509
46,https://item.taobao.com/item.htm?id=632521985495&ns=1&abbucket=11#detail,https://g-search2.alicdn.com/img/bao/uploaded/i4/i3/1939735898/O1CN01cyuixl1tRKdhzzpMZ_!!0-item_pic.jpg_180x180.jpg_.webp,网红超薄无痕甲片免刻磨全贴半贴两用美甲延长专用假片成品,¥4.80,2486
47,https://item.taobao.com/item.htm?id=558435668003&ns=1&abbucket=11#detail,https://g-search1.alicdn.com/img/bao/uploaded/i4/i4/153425621/O1CN01regKIE1rOSwnmcl1U_!!0-item_pic.jpg_180x180.jpg_.webp,网红少女防水持久3d指甲贴纸贴片学生清新可拆卸穿戴美甲纸全,¥2.98,2449
48,https://item.taobao.com/item.htm?id=638302465473&ns=1&abbucket=11#detail,https://g-search3.alicdn.com/img/bao/uploaded/i4/i4/1109213336/O1CN01uPlvgZ1aVvw1ZmKu4_!!0-item_pic.jpg_180x180.jpg_.webp,5D指甲贴纸拆卸女贴片立体防水持久甲片美甲成品甲油膜网红纸,¥3.90,2446
49,https://item.taobao.com/item.htm?id=616270040677&ns=1&abbucket=11#detail,https://g-search3.alicdn.com/img/bao/uploaded/i4/i1/670358050/O1CN01MGuRbJ29Kwzcfg1OL_!!670358050.jpg_180x180.jpg_.webp,指甲贴片成品假指甲快手抖音网红防水随取随带可拆卸式穿戴美甲,¥9.80,2431
50,https://item.taobao.com/item.htm?id=637929192531&ns=1&abbucket=11#detail,https://g-search3.alicdn.com/img/bao/uploaded/i4/i1/646944259/O1CN010BtFjb1hKfVQ1XyWQ_!!646944259.jpg_180x180.jpg_.webp,网红早春美甲贴纸薄韧小清新 白色爱心星芒3D背胶贴花指甲DIY装饰,¥5.80,2423
51,https://item.taobao.com/item.htm?id=528276144542&ns=1&abbucket=11#detail,https://g-search1.alicdn.com/img/bao/uploaded/i4/i4/2638797388/O1CN016qQZF724RkncGj2Hr_!!0-item_pic.jpg_180x180.jpg_.webp,粉色长款法式秋冬豹纹学生新娘简约穿戴可拆卸美甲成品假片,¥9.90,2373
52,https://item.taobao.com/item.htm?id=638051098457&ns=1&abbucket=11#detail,https://g-search3.alicdn.com/img/bao/uploaded/i4/i1/3971015200/O1CN017RWYYh1oHeCYQBDGE_!!3971015200.jpg_180x180.jpg_.webp,网红美甲饰品极光幻彩蝴蝶结透明水晶立体款爆款仙女指甲装饰品,¥9.90,2357
53,https://item.taobao.com/item.htm?id=602377542282&ns=1&abbucket=11#detail,https://g-search3.alicdn.com/img/bao/uploaded/i4/i1/523030835/O1CN01QWJoJ71I2TGxz7jRM_!!523030835.jpg_180x180.jpg_.webp,美甲珍珠饰品平底半圆形盒装全套无孔混装日系立体钻石片,¥5.78,2232
54,https://detail.tmall.com/item.htm?id=610632588162&ns=1&abbucket=11,https://g-search1.alicdn.com/img/bao/uploaded/i4/i3/1090137190/O1CN019H2YqF22z4NhNceac_!!0-item_pic.jpg_180x180.jpg_.webp,甲片美甲贴片超薄无痕成品可拆卸穿戴式透明全贴延长假片胶水,¥11.80,2230
55,https://detail.tmall.com/item.htm?id=614501067522&ns=1&abbucket=11,https://g-search3.alicdn.com/img/bao/uploaded/i4/i3/2206510677321/O1CN01W1FDU423x4BcuxOjG_!!0-item_pic.jpg_180x180.jpg_.webp,半圆珍珠平底珍珠米白色指甲装饰品贴钻美甲店日系美甲饰品袋装,¥9.50,2152
56,https://item.taobao.com/item.htm?id=594465902851&ns=1&abbucket=11#detail,https://g-search3.alicdn.com/img/bao/uploaded/i4/i3/2923472371/O1CN01IFVoSq1TNxjuTkOmI_!!2923472371.jpg_180x180.jpg_.webp,春夏美甲贴纸3d防水持久网红日韩风网红少女渐变款纸全,¥2.98,2148
57,https://item.taobao.com/item.htm?id=625467390551&ns=1&abbucket=11#detail,https://g-search2.alicdn.com/img/bao/uploaded/i4/i2/790429339/O1CN01ch8ve12IrJWYlHMhG_!!790429339.png_180x180.jpg_.webp,欧美磨砂短芭蕾秋季纯色穿戴甲成品假指甲美甲贴片学生抖音可拆卸,¥4.20,2110
58,https://item.taobao.com/item.htm?id=633406407804&ns=1&abbucket=11#detail,https://g-search2.alicdn.com/img/bao/uploaded/i4/i3/2638797388/O1CN01TDx8cZ24RkncGips5_!!0-item_pic.jpg_180x180.jpg_.webp,118巧克力小熊咖啡色可爱学生短款穿戴拆卸美甲成品假片,¥12.80,2085
59,https://detail.tmall.com/item.htm?id=44195855615&ns=1&abbucket=11,https://g-search2.alicdn.com/img/bao/uploaded/i4/i1/1090137190/O1CN014PcFuf22z4GoaxJsa_!!0-item_pic.jpg_180x180.jpg_.webp,美甲金箔丝金箔纸碎片新款光疗指甲油胶贴片装饰品日系铂金锡箔纸,¥3.00,2081
60,https://detail.tmall.com/item.htm?id=603005913881&ns=1&abbucket=11,https://g-search1.alicdn.com/img/bao/uploaded/i4/i1/929346284/O1CN01U1213a1wI7R8LomKy_!!0-item_pic.jpg_180x180.jpg_.webp,美甲粘钻胶美甲饰品指甲油透明胶粘假指甲片钻石贴钻粘钻胶水甲片,¥5.80,2036
61,https://item.taobao.com/item.htm?id=607672998347&ns=1&abbucket=11#detail,https://g-search3.alicdn.com/img/bao/uploaded/i4/i2/2176368383/O1CN01HOMhZc2BnSqZrZp3p_!!0-item_pic.jpg_180x180.jpg_.webp,指甲贴片蓝绿色撞色美甲成品磨砂方头持久冷淡欧美风可拆卸假,¥9.90,2032
62,https://item.taobao.com/item.htm?id=604622958027&ns=1&abbucket=11#detail,https://g-search1.alicdn.com/img/bao/uploaded/i4/i4/264177352/O1CN01rliMFF24BGXlCmkRX_!!264177352.jpg_180x180.jpg_.webp,美甲贴纸小熊奶牛纹指甲贴花雏菊爱心形亮晶晶卡通水果星黛露公主,¥1.80,2026
63,https://item.taobao.com/item.htm?id=619035660161&ns=1&abbucket=11#detail,https://g-search3.alicdn.com/img/bao/uploaded/i4/i1/916591847/O1CN01STnXEE1PVy96BRgL4_!!916591847-0-lubanu-s.jpg_180x180.jpg_.webp,延长甲片贴美甲店专用成品拆卸假指甲贴片透明超薄穿戴式无痕盒装,¥12.80,2026
64,https://item.taobao.com/item.htm?id=560644230025&ns=1&abbucket=11#detail,https://g-search3.alicdn.com/img/bao/uploaded/i4/i1/53000265/TB2_Tw5mvNNTKJjSspfXXbXIFXa_!!53000265.jpg_180x180.jpg_.webp,美甲工具镊子直头弯头 WGOMM不锈钢尖头指甲贴水钻饰品纸防静电,¥2.80,2018
65,https://item.taobao.com/item.htm?id=612059024592&ns=1&abbucket=11#detail,https://g-search3.alicdn.com/img/bao/uploaded/i4/i4/1014038108/O1CN01YG5HZQ29lVyGFsUFQ_!!1014038108.png_180x180.jpg_.webp,美甲粘钻胶水贴甲片粘指甲合金饰品镶钻石强力固化剂用品特价包邮,¥5.98,1919
66,https://detail.tmall.com/item.htm?id=637705045295&ns=1&abbucket=11,https://g-search1.alicdn.com/img/bao/uploaded/i4/i3/726650979/O1CN016E0GzC1J6QPMDOzTF_!!0-item_pic.jpg_180x180.jpg_.webp,甲片粘合剂美甲贴片超薄无痕成品拆卸穿戴式透明胶水延长甲假,¥12.00,1903
67,https://detail.tmall.com/item.htm?id=615215908635&ns=1&abbucket=11,https://g-search2.alicdn.com/img/bao/uploaded/i4/i2/3459177618/O1CN01ntKZcA2695th0Jy7v_!!3459177618.jpg_180x180.jpg_.webp,MINISO/名创优品芭比无痕指甲片指甲贴片贴纸ins 24片装,¥15.00,1865
68,https://item.taobao.com/item.htm?id=638750333607&ns=1&abbucket=11#detail,https://g-search3.alicdn.com/img/bao/uploaded/i4/i1/271476285/O1CN01ahAcVU1wIZw2LJQ6r_!!271476285.jpg_180x180.jpg_.webp,美甲饰品爱心平底钻日系立体幻彩陶瓷桃心镂空珍珠指甲贴网红爆款,¥1.20,1863
69,https://item.taobao.com/item.htm?id=625466348522&ns=1&abbucket=11#detail,https://g-search3.alicdn.com/img/bao/uploaded/i4/i1/2540914327/O1CN011fgsJG1hpoOd8Nkm6_!!2540914327-0-lubanu-s.jpg_180x180.jpg_.webp,延长胶美甲免纸托快速光疗水晶胶免指甲贴片粘钻饰品工具套装全套,¥11.80,1811
70,https://item.taobao.com/item.htm?id=544000550108&ns=1&abbucket=11#detail,https://g-search3.alicdn.com/img/bao/uploaded/i4/i1/53000265/TB2Ffo.cd4opuFjSZFLXXX8mXXa_!!53000265.jpg_180x180.jpg_.webp,美甲饰品不规格金银铂厚碎片 韩国光疗甲指甲贴片纸片玻璃纸碎片,¥0.90,1806
71,https://item.taobao.com/item.htm?id=628907614916&ns=1&abbucket=11#detail,https://g-search3.alicdn.com/img/bao/uploaded/i4/i1/2540914327/O1CN01ejht4z1hpoPNM1sbo_!!2540914327.jpg_180x180.jpg_.webp,热荐日式美甲金属矿石云母片高亮泽矿物铜金片光疗指甲装饰品片,¥2.48,1772
72,https://detail.tmall.com/item.htm?id=625017978826&ns=1&abbucket=11,https://g-search3.alicdn.com/img/bao/uploaded/i4/i2/2206567368008/O1CN019rAcav291iMYKsJjw_!!2206567368008-0-C2M.jpg_180x180.jpg_.webp,儿童指甲贴宝宝安全美甲纹身贴片女孩公主卡通动物防水纸画,¥2.90,1700
73,https://detail.tmall.com/item.htm?id=610134707729&ns=1&abbucket=11,https://g-search3.alicdn.com/img/bao/uploaded/i4/i1/2206377854761/O1CN01917jud1l2aJfRtA4m_!!0-item_pic.jpg_180x180.jpg_.webp,美甲指甲贴片成品甲片穿戴拆卸穿戴式指甲贴女假指甲可取可带显白,¥5.80,1631
74,https://detail.tmall.com/item.htm?id=601206459153&ns=1&abbucket=11,https://g-search2.alicdn.com/img/bao/uploaded/i4/i3/1098943932/O1CN01fpwIjm1eutzP1U6LE_!!0-item_pic.jpg_180x180.jpg_.webp,穿戴甲双面果冻胶美甲贴指甲贴片可拆卸穿戴美甲穿戴式女甲片成品,¥7.00,1623
75,https://item.taobao.com/item.htm?id=551313085793&ns=1&abbucket=11#detail,https://g-search3.alicdn.com/img/bao/uploaded/i4/i1/53000265/TB2CATUp9BjpuFjy1XdXXaooVXa_!!53000265.jpg_180x180.jpg_.webp,美甲天然贝壳片贝壳粉系列 日系新款鲍鱼片本色粉光疗甲指甲油,¥1.90,1605
76,https://item.taobao.com/item.htm?id=618544590677&ns=1&abbucket=11#detail,https://g-search1.alicdn.com/img/bao/uploaded/i4/i4/2484878983/O1CN01pwCeRQ2GEGWCQiYIK_!!0-item_pic.jpg_180x180.jpg_.webp,网红款果冻胶美甲贴假指甲双面胶穿戴式甲片贴胶水持久防水高粘度,¥6.80,1594
77,https://detail.tmall.com/item.htm?id=614246789546&ns=1&abbucket=11,https://g-search2.alicdn.com/img/bao/uploaded/i4/i1/2112164226/O1CN01FILHVM1h5YOALProi_!!0-item_pic.jpg_180x180.jpg_.webp,美乐儿童指甲贴女片公主安全无毒小女孩童可爱美甲幼儿宝宝壳纸,¥39.90,1569
78,https://detail.tmall.com/item.htm?id=586416988689&ns=1&abbucket=11,https://g-search3.alicdn.com/img/bao/uploaded/i4/i1/2421630186/O1CN01aiaMPs1DFEHtWO004_!!0-item_pic.jpg_180x180.jpg_.webp,搏乐金箔纸美甲饰品新款2021日系网红贝壳指甲贴纸碎片免撕锡箔纸,¥9.80,1561
79,https://detail.tmall.com/item.htm?id=18157541817&ns=1&abbucket=11,https://g-search3.alicdn.com/img/bao/uploaded/i4/i1/1090137190/O1CN01PrcRRx22z4EZAgYfF_!!0-item_pic.jpg_180x180.jpg_.webp,KaSi美甲工具用品指甲贴纸美甲胶水解胶剂粘假指甲钻饰品甲片胶水,¥3.00,1560
80,https://detail.tmall.com/item.htm?id=596567854475&ns=1&abbucket=11,https://g-search3.alicdn.com/img/bao/uploaded/i4/i1/1025642790/O1CN01aIWk7V1WTrgK2dIH5_!!1025642790-0-picasso.jpg_180x180.jpg_.webp,Temix假指甲成品新娘指甲贴片 美甲贴片网红甲片反复穿戴款可拆卸,¥15.80,1551
81,https://item.taobao.com/item.htm?id=616490627336&ns=1&abbucket=11#detail,https://g-search3.alicdn.com/img/bao/uploaded/i4/i4/2923472371/O1CN01qFlNgS1TNxfN2RrQA_!!2923472371.jpg_180x180.jpg_.webp,网红立体5d果冻贴指甲贴纸防水持久可卸穿戴式成品美甲片纸全,¥4.60,1507
82,https://item.taobao.com/item.htm?id=624993999756&ns=1&abbucket=11#detail,https://g-search3.alicdn.com/img/bao/uploaded/i4/i3/1932614210/O1CN01tJXaIQ1gyE3JN52Rd_!!1932614210.jpg_180x180.jpg_.webp,美甲免刻磨超薄磨砂折无痕延长假指甲贴片全贴半贴两用甲片240片,¥2.75,1478
83,https://item.taobao.com/item.htm?id=622793177567&ns=1&abbucket=11#detail,https://g-search3.alicdn.com/img/bao/uploaded/i4/i1/2540914327/O1CN01JU1zSi1hpoO6TNfxz_!!2540914327-0-lubanu-s.jpg_180x180.jpg_.webp,恩妮诗美甲饰品日系超薄贝壳碎片幻彩色薄款贝壳片贴片指甲装饰品,¥2.80,1476
84,https://item.taobao.com/item.htm?id=589105766214&ns=1&abbucket=11#detail,https://g-search2.alicdn.com/img/bao/uploaded/i4/i1/646944259/O1CN01tp94tq1hKfRMk1y4N_!!646944259.jpg_180x180.jpg_.webp,网红热卖进口超薄亚光桃心美甲亮片镭射幻彩爱心光疗指甲装饰片,¥3.00,1469
85,https://detail.tmall.com/item.htm?id=576448853825&ns=1&abbucket=11,https://g-search3.alicdn.com/img/bao/uploaded/i4/i4/1914772256/O1CN01ZTfGas1SXI837W7n5_!!1914772256-0-lubanu-s.jpg_180x180.jpg_.webp,美乐指甲贴儿童女孩公主可爱美甲片幼儿宝宝小号无毒防水纸,¥42.90,1436
86,https://item.taobao.com/item.htm?id=631863754037&ns=1&abbucket=11#detail,https://g-search2.alicdn.com/img/bao/uploaded/i4/i1/2540914327/O1CN01eHwVTU1hpoR676h8Z_!!2540914327.jpg_180x180.jpg_.webp,2021年美甲饰品柳丁贝壳片钻石平底水钻装饰珍珠指甲贴片混装爆款,¥4.80,1422
87,https://item.taobao.com/item.htm?id=620709429083&ns=1&abbucket=11#detail,https://g-search1.alicdn.com/img/bao/uploaded/i4/i1/53000265/O1CN01f68qpS1DpPYxIRF9q_!!53000265-0-lubanu-s.jpg_180x180.jpg_.webp,爆款美甲蝴蝶结饰品极光幻彩小红书3D立体日式指甲贴超闪混装亮片,¥2.20,1417
88,https://item.taobao.com/item.htm?id=524363415372&ns=1&abbucket=11#detail,https://g-search3.alicdn.com/img/bao/uploaded/i4/i1/53000265/TB2NOkub8TH8KJjy0FiXXcRsXXa_!!53000265.jpg_180x180.jpg_.webp,美甲法式贴微笑贴美甲工具必须指甲贴纸 厂家特价 裸片价秒杀,¥0.20,1402
89,https://item.taobao.com/item.htm?id=620965920825&ns=1&abbucket=11#detail,https://g-search3.alicdn.com/img/bao/uploaded/i4/i1/53000265/O1CN01m5opqu1DpPZ4vsQwx_!!53000265-0-lubanu-s.jpg_180x180.jpg_.webp,网红美甲极光玻璃纸梦幻七彩镭射纸镜面贴不规则指甲激光纸,¥1.90,1396
90,https://detail.tmall.com/item.htm?id=622917032364&ns=1&abbucket=11,https://g-search3.alicdn.com/img/bao/uploaded/i4/i1/2421630186/O1CN01xbX0Sl1DFEHGFkDTE_!!2421630186-0-lubanu-s.jpg_180x180.jpg_.webp,搏乐美甲极光玻璃纸七彩镭射长条指甲贴纸不规则镜面激光纸装饰品,¥8.80,1378
91,https://detail.tmall.com/item.htm?id=589361544816&ns=1&abbucket=11,https://g-search1.alicdn.com/img/bao/uploaded/i4/i3/2453881508/O1CN01iJZfTd1N0hrEcshGv_!!0-item_pic.jpg_180x180.jpg_.webp,免洗粘钻胶指甲专用镶钻贴钻强力粘得牢大力甲油硬式封层美甲胶水,¥6.68,1367
92,https://item.taobao.com/item.htm?id=622103685320&ns=1&abbucket=11#detail,https://g-search3.alicdn.com/img/bao/uploaded/i4/i2/366790739/O1CN01HvUS6s1HKVLneBc4X_!!0-item_pic.jpg_180x180.jpg_.webp,美甲蝴蝶结饰品网红爆款立体超闪美甲钻指甲装饰贴钻极光蝴蝶饰品,¥1.88,1324
93,https://item.taobao.com/item.htm?id=610729097034&ns=1&abbucket=11#detail,https://g-search3.alicdn.com/img/bao/uploaded/i4/i1/1827505664/O1CN01fEkgGh1ri9zA6gVhS_!!1827505664-0-picasso.jpg_180x180.jpg_.webp,免打磨折无痕超薄欧美甲甲片美甲店专用甲片贴透明延长假片,¥16.80,1317
94,https://item.taobao.com/item.htm?id=633350438430&ns=1&abbucket=11#detail,https://g-search3.alicdn.com/img/bao/uploaded/i4/i1/53000265/O1CN01vV7AUD1DpPbSBFYuh_!!53000265.jpg_180x180.jpg_.webp,爆款美甲蝴蝶结饰品黑色白色新年红指甲钻装饰欧美同款指甲油胶,¥1.50,1314
95,https://item.taobao.com/item.htm?id=542390902875&ns=1&abbucket=11#detail,https://g-search1.alicdn.com/img/bao/uploaded/i4/i2/2638797388/O1CN01ilFl6f24RknbNMFTc_!!0-item_pic.jpg_180x180.jpg_.webp,背胶可摘戴拆卸无痕穿戴新娘孕妇结婚网红同款美甲成品假片,¥8.80,1298
96,https://detail.tmall.com/item.htm?id=606549048418&ns=1&abbucket=11,https://g-search3.alicdn.com/img/bao/uploaded/i4/i1/3064965846/O1CN01cqayAs1t3W0JTpx5p_!!3064965846-0-lubanu-s.jpg_180x180.jpg_.webp,gaoy戈雅甲片超薄无痕透明练习假指甲贴片全贴半贴美甲店专用工具,¥12.00,1294
97,https://item.taobao.com/item.htm?id=624893629134&ns=1&abbucket=11#detail,https://g-search3.alicdn.com/img/bao/uploaded/i4/i1/916591847/O1CN01zRhSOZ1PVy9BblFaa_!!916591847-0-lubanu-s.jpg_180x180.jpg_.webp,2021爆款镭射蝴蝶美甲亮片贴片超闪网红美甲饰品指甲装饰日系奢华,¥1.70,1288
98,https://item.taobao.com/item.htm?id=570932802056&ns=1&abbucket=11#detail,https://g-search1.alicdn.com/img/bao/uploaded/i4/i4/545764037/O1CN01WI0lmv1fgzVoneo7f_!!545764037.jpg_180x180.jpg_.webp,美甲工具套装全套假指甲新娘甲片成品光疗贴短款透明100片,¥5.90,1230
99,https://detail.tmall.com/item.htm?id=633989146549&ns=1&abbucket=11,https://g-search1.alicdn.com/img/bao/uploaded/i4/i1/2208711615269/O1CN01I7w5OP1onFWwRrsOr_!!0-item_pic.jpg_180x180.jpg_.webp,可拆卸假指甲贴片穿戴式果冻胶美甲成品2020网红爆款立体短款全,¥26.90,1228
100,https://item.taobao.com/item.htm?id=44912058998&ns=1&abbucket=11#detail,https://g-search3.alicdn.com/img/bao/uploaded/i4/i1/53000265/TB2p0mectnJ8KJjSszdXXaxuFXa_!!53000265.jpg_180x180.jpg_.webp,指甲贴钻 12格转盘百搭平底珍珠大小混装 美甲贴钻用品工具套餐,¥2.50,1220
101,https://detail.tmall.com/item.htm?id=620495912914&ns=1&abbucket=11,https://g-search3.alicdn.com/img/bao/uploaded/i4/i3/3937219703/O1CN01U4s2Wo2LY1h481iOL_!!3937219703-0-C2M.jpg_180x180.jpg_.webp,美甲贴甲片假指甲贴片穿戴式成品拆卸指甲贴防水展示半脚趾甲,¥6.80,1216
102,https://item.taobao.com/item.htm?id=617676048295&ns=1&abbucket=11#detail,https://g-search1.alicdn.com/img/bao/uploaded/i4/i1/2176368383/O1CN01facx7b2BnSsfmOTbC_!!0-item_pic.jpg_180x180.jpg_.webp,指甲贴片美甲成品长款欧美奶茶咖色极光杏仁圆尖头显手白假片,¥15.00,1206
103,https://item.taobao.com/item.htm?id=522631133920&ns=1&abbucket=11#detail,https://g-search2.alicdn.com/img/bao/uploaded/i4/i2/788774618/O1CN01XSLrFG1jz5W5zzgp6_!!788774618.jpg_180x180.jpg_.webp,美甲401假指甲胶水甲片胶水钻胶水指甲贴钻贴饰品专用胶水包邮,¥15.90,1187
104,https://item.taobao.com/item.htm?id=590142776833&ns=1&abbucket=11#detail,https://g-search3.alicdn.com/img/bao/uploaded/i4/i1/916591847/O1CN01E57Mlu1PVy60tfNF2_!!0-item_pic.jpg_180x180.jpg_.webp,可爱美甲贴纸花泫雅风花朵防水ins风小图案3d贴卡通贴片装饰,¥1.78,1179
105,https://item.taobao.com/item.htm?id=22093572106&ns=1&abbucket=11#detail,https://g-search2.alicdn.com/img/bao/uploaded/i4/i3/770238930/O1CN012FpzLLJQIo95R8T_!!0-item_pic.jpg_180x180.jpg_.webp,美甲贴片韩标甲片自然色全贴半贴法式椭圆形进口无痕透明假片,¥9.60,1165
106,https://detail.tmall.com/item.htm?id=595360893765&ns=1&abbucket=11,https://g-search1.alicdn.com/img/bao/uploaded/i4/i1/2990189023/O1CN012KJL7W2GWaJeJgsHz_!!2990189023-0-lubanu-s.jpg_180x180.jpg_.webp,春柚美甲饰品日系超薄贝壳碎片幻彩色薄款贝壳片贴片指甲装饰品,¥3.50,1144
107,https://item.taobao.com/item.htm?id=632269601594&ns=1&abbucket=11#detail,https://g-search1.alicdn.com/img/bao/uploaded/i4/i1/2261223959/O1CN01Oy2PdP1f7Gg5L4gcS_!!2261223959.jpg_180x180.jpg_.webp,美甲饰品混搭合金指甲钻水钻爆款超闪蝴蝶结日式奢华大钻钻装饰,¥9.90,1143
108,https://detail.tmall.com/item.htm?id=616120272436&ns=1&abbucket=11,https://g-search3.alicdn.com/img/bao/uploaded/i4/i1/2206397324961/O1CN01oRvjOf1mWBXYyHkfX_!!0-item_pic.jpg_180x180.jpg_.webp,指甲贴片美甲贴片成品可穿戴美甲穿戴式甲片成品可反复拆卸,¥65.00,1143
109,https://detail.tmall.com/item.htm?id=587715564216&ns=1&abbucket=11,https://g-search3.alicdn.com/img/bao/uploaded/i4/i1/726650979/O1CN01idVVj51J6QP6OT5la_!!0-item_pic.jpg_180x180.jpg_.webp,美潮贝壳片美甲装饰碎片芭蕾舞超薄日式指甲贴片日系水钻网红饰品,¥8.00,1135
110,https://item.taobao.com/item.htm?id=624886576241&ns=1&abbucket=11#detail,https://g-search2.alicdn.com/img/bao/uploaded/i4/i2/2208339546184/O1CN01Yv83on1vYJt6oHa7C_!!2208339546184.png_180x180.jpg_.webp,假指甲贴片成品可拆卸穿戴式欧美短仙女新娘学生中长款女法式美甲,¥6.80,1135
111,https://item.taobao.com/item.htm?id=635637711558&ns=1&abbucket=11#detail,https://g-search3.alicdn.com/img/bao/uploaded/i4/i3/2581827704/O1CN01jvmcxs26mTwH4LBIL_!!2581827704.png_180x180.jpg_.webp,蝴蝶假指甲贴片可拆卸美甲成品网红果冻胶穿戴显白猫眼假片,¥12.90,1123
112,https://item.taobao.com/item.htm?id=616601090906&ns=1&abbucket=11#detail,https://g-search1.alicdn.com/img/bao/uploaded/i4/i4/720994114/O1CN01yPebe31gGG2E7sL2S_!!720994114.jpg_180x180.jpg_.webp,甲片美甲贴片超薄无痕成品可拆卸穿戴式透明全贴延长假片胶水,¥12.80,1109
113,https://detail.tmall.com/item.htm?id=570851627548&ns=1&abbucket=11,https://g-search3.alicdn.com/img/bao/uploaded/i4/i1/2453881508/TB1Z8AkDpmWBuNjSspdXXbugXXa_!!0-item_pic.jpg_180x180.jpg_.webp,脚指甲贴片美甲成品甲片可拆卸甲脚指持久脚趾全贴假脚穿戴式趾甲,¥9.99,1101
114,https://item.taobao.com/item.htm?id=626985522663&ns=1&abbucket=11#detail,https://g-search2.alicdn.com/img/bao/uploaded/i4/i1/2540914327/O1CN01FQ1Fm21hpoPGVzZvP_!!2540914327.jpg_180x180.jpg_.webp,超薄无痕甲片免刻磨成品法式全贴半贴两用美甲延长专用假片,¥14.30,1090
115,https://detail.tmall.com/item.htm?id=602408467809&ns=1&abbucket=11,https://g-search2.alicdn.com/img/bao/uploaded/i4/i1/2204110503895/O1CN01UraSv01edxLDs0b4I_!!2204110503895-0-picasso.jpg_180x180.jpg_.webp,茵彩【春季新款】防水指甲贴美甲贴片网红甲片穿戴式可拆卸3d纸,¥19.79,1084
116,https://item.taobao.com/item.htm?id=635848273133&ns=1&abbucket=11#detail,https://g-search1.alicdn.com/img/bao/uploaded/i4/i1/3197197497/O1CN01bOyT8t25Ffxcvk0c7_!!3197197497.jpg_180x180.jpg_.webp,少女心放映室 买三免一穿戴式美甲贴片 可拆卸防水不伤片成品,¥9.90,1055
117,https://detail.tmall.com/item.htm?id=599896734283&ns=1&abbucket=11,https://g-search3.alicdn.com/img/bao/uploaded/i4/i2/1782935108/O1CN01vpxBHp1nbVeTwlbsg_!!0-item_pic.jpg_180x180.jpg_.webp,脚指甲贴片防水持久穿戴式可拆卸美甲贴纸网红女美甲成品饰品全套,¥15.90,1049
118,https://item.taobao.com/item.htm?id=620554864566&ns=1&abbucket=11#detail,https://g-search2.alicdn.com/img/bao/uploaded/i4/i1/271476285/O1CN01wejbrp1wIZsgYrsBa_!!271476285-0-lubanu-s.jpg_180x180.jpg_.webp,梦幻极光蝴蝶结混搭美甲饰品钻网红爆款独角兽贝壳花透明片,¥1.80,1041
119,https://item.taobao.com/item.htm?id=590883694497&ns=1&abbucket=11#detail,https://g-search3.alicdn.com/img/bao/uploaded/i4/i1/916591847/O1CN01SxuEp61PVyAgYt9lU_!!916591847.jpg_180x180.jpg_.webp,美甲镊子工具镶钻夹钻夹子美甲店专用工具按压贴纸指甲贴花水钻,¥3.80,1037
120,https://item.taobao.com/item.htm?id=610935457998&ns=1&abbucket=11#detail,https://g-search3.alicdn.com/img/bao/uploaded/i4/i1/47438300/O1CN01Z7jhDv2BBRvcC9q0p_!!47438300.jpg_180x180.jpg_.webp,儿童指甲贴女美甲纹身贴画爱莎公主女宝宝卡通贴纸套装冰雪奇缘2,¥4.90,1032
121,https://item.taobao.com/item.htm?id=594484086927&ns=1&abbucket=11#detail,https://g-search1.alicdn.com/img/bao/uploaded/i4/i1/2645776252/O1CN01KPVtQQ1w3SnmzNDx4_!!2645776252.jpg_180x180.jpg_.webp,儿童指甲贴贴纸女宝宝美甲贴片防水小孩女童公主可爱卡通纹身画,¥9.90,1028
122,https://detail.tmall.com/item.htm?id=556328319233&ns=1&abbucket=11,https://g-search1.alicdn.com/img/bao/uploaded/i4/i3/1746340824/O1CN01u44wsB1HxQviVoXsM_!!0-item_pic.jpg_180x180.jpg_.webp,美甲饰品粘钻胶指甲贴钻大力胶甲片延长胶水美甲专用镶钻钻石水钻,¥5.80,1025
123,https://detail.tmall.com/item.htm?id=630164036053&ns=1&abbucket=11,https://g-search3.alicdn.com/img/bao/uploaded/i4/i1/2208200499199/O1CN01ayc8kx2HpC2Z33v3K_!!0-item_pic.jpg_180x180.jpg_.webp,瑰冠指甲贴片美甲贴可穿戴美甲穿戴式女甲片成品可拆卸防水,¥29.00,1024
124,https://detail.tmall.com/item.htm?id=616778447116&ns=1&abbucket=11,https://g-search1.alicdn.com/img/bao/uploaded/i4/i1/1090137190/O1CN015vhJjA22z4JAE8Zj5_!!1090137190-0-lubanu-s.jpg_180x180.jpg_.webp,日式美甲diy卡通指甲贴纸网红小雏菊贴花防水贴片成品立体装饰品,¥1.98,999
125,https://item.taobao.com/item.htm?id=589042126127&ns=1&abbucket=11#detail,https://g-search3.alicdn.com/img/bao/uploaded/i4/i1/2662105803/O1CN01A9p7M11sjp1rQAlor_!!0-item_pic.jpg_180x180.jpg_.webp,kitty爱莎KT猫可爱儿童公主美甲贴片女孩闪闪防水安全宝宝,¥7.80,998
126,https://item.taobao.com/item.htm?id=576418317592&ns=1&abbucket=11#detail,https://g-search1.alicdn.com/img/bao/uploaded/i4/i1/53000265/O1CN011DpPPZWJNWUdknb_!!53000265.jpg_180x180.jpg_.webp,日系美甲贴纸金银镭射指甲贴纸星月贴纸光疗指甲贴片3D背胶装饰品,¥1.80,997
127,https://item.taobao.com/item.htm?id=612252365350&ns=1&abbucket=11#detail,https://g-search1.alicdn.com/img/bao/uploaded/i4/i3/2269229064/O1CN01FKTK6I2GpMbJogXl8_!!0-item_pic.jpg_180x180.jpg_.webp,可爱风假指甲贴片卡通蓝色史努比穿戴式可取可带可拆卸美甲成品女,¥14.90,991
128,https://detail.tmall.com/item.htm?id=620980986621&ns=1&abbucket=11,https://g-search1.alicdn.com/img/bao/uploaded/i4/i3/2201479849181/O1CN01SfO1oj2HgwwpDGxtt_!!0-item_pic.jpg_180x180.jpg_.webp,儿童指甲贴片防水无毒公主女童纹身小孩美甲套装全套女孩玩具纸,¥36.90,985
129,https://item.taobao.com/item.htm?id=615761301342&ns=1&abbucket=11#detail,https://g-search2.alicdn.com/img/bao/uploaded/i4/i1/2540914327/O1CN01pnwE4f1hpoN1ZTh9M_!!2540914327.jpg_180x180.jpg_.webp,美甲法式条纹胶布贴工具不干胶带做花纹创意指甲油胶款式隔离胶布,¥1.60,983
130,https://item.taobao.com/item.htm?id=625938712810&ns=1&abbucket=11#detail,https://g-search2.alicdn.com/img/bao/uploaded/i4/i1/271476285/O1CN01VKxfgB1wIZtNqikOw_!!271476285-0-lubanu-s.jpg_180x180.jpg_.webp,网红美甲饰品爆款锆石钻爱心小熊贝母蝴蝶结流苏钻不掉色47,¥2.00,982
131,https://item.taobao.com/item.htm?id=634253203329&ns=1&abbucket=11#detail,https://g-search3.alicdn.com/img/bao/uploaded/i4/i1/2200555818380/O1CN01YgGerJ2Bm5fd39oLT_!!2200555818380.jpg_180x180.jpg_.webp,网红可拆卸穿戴甲 抖音日式蝴蝶温柔裸透新娘 美甲成品假片,¥29.80,977
132,https://detail.tmall.com/item.htm?id=612945823558&ns=1&abbucket=11,https://g-search2.alicdn.com/img/bao/uploaded/i4/i4/2201483528329/O1CN015krOHX2BOjSWSJWV8_!!0-item_pic.jpg_180x180.jpg_.webp,迪士尼儿童指甲贴女宝宝美甲全贴纹身贴画女冰雪公主卡通纸,¥6.80,975
133,https://item.taobao.com/item.htm?id=637763792992&ns=1&abbucket=11#detail,https://g-search3.alicdn.com/img/bao/uploaded/i4/i4/2540914327/O1CN01Q90kDR1hpoRCO4OQR_!!2540914327.jpg_180x180.jpg_.webp,爆款美甲饰品钻石新款指甲珍珠水钻贝壳美甲贴片金箔碎片超闪装饰,¥1.98,969
134,https://item.taobao.com/item.htm?id=618560814806&ns=1&abbucket=11#detail,https://g-search1.alicdn.com/img/bao/uploaded/i4/i1/53000265/O1CN01OchAfF1DpPYdDvRgB_!!53000265.jpg_180x180.jpg_.webp,网红美甲饰品立体蝴蝶热缩片浅色超仙蝴蝶已剪切指甲贴片约40片,¥3.90,967
135,https://item.taobao.com/item.htm?id=639015062712&ns=1&abbucket=11#detail,https://g-search3.alicdn.com/img/bao/uploaded/i4/i1/646944259/O1CN018oS4bY1hKfVU334LP_!!646944259.jpg_180x180.jpg_.webp,新款网红复古爱心美甲贴纸酒红色桃心薄韧3D贴花指甲DIY装饰人气,¥5.80,966
136,https://detail.tmall.com/item.htm?id=618494855916&ns=1&abbucket=11,https://g-search2.alicdn.com/img/bao/uploaded/i4/i2/2206707107173/O1CN01yN5JiX22rHdnJgayP_!!0-item_pic.jpg_180x180.jpg_.webp,指甲贴片可穿戴美甲贴可反复使用假指甲女甲片可拆卸工具,¥13.41,964
137,https://detail.tmall.com/item.htm?id=637226593570&ns=1&abbucket=11,https://g-search2.alicdn.com/img/bao/uploaded/i4/i3/3063902116/O1CN01y8ueiJ1RVAjxG7kUk_!!0-item_pic.jpg_180x180.jpg_.webp,网红爆款美甲贴片新年假指甲可穿戴式拆卸2021成品甲片套装全套女,¥39.00,961
138,https://item.taobao.com/item.htm?id=599701580765&ns=1&abbucket=11#detail,https://g-search3.alicdn.com/img/bao/uploaded/i4/i1/2269229064/O1CN01RgzUSs2GpMbBUPAGa_!!0-item_pic.jpg_180x180.jpg_.webp,假指甲贴片可拆卸穿戴式美甲成品防水持久可爱卡通短款甲片饰品女,¥24.90,954
139,https://item.taobao.com/item.htm?id=610892661902&ns=1&abbucket=11#detail,https://g-search2.alicdn.com/img/bao/uploaded/i4/i3/2448986522/O1CN01riGMT41y37itiUNSs_!!2448986522.jpg_180x180.jpg_.webp,美甲贴甲片卸甲片假指甲一字剪解胶剂胶水打磨条7件套装工具,¥10.90,942
140,https://item.taobao.com/item.htm?id=627105812660&ns=1&abbucket=11#detail,https://g-search3.alicdn.com/img/bao/uploaded/i4/i3/1109213336/O1CN01Gh1pzl1aVvwPFSIWa_!!0-item_pic.jpg_180x180.jpg_.webp,美甲指甲贴片成品可拆卸穿戴美甲反复女可摘可戴中长款网红假,¥9.90,938
141,https://detail.tmall.com/item.htm?id=625053930074&ns=1&abbucket=11,https://g-search2.alicdn.com/img/bao/uploaded/i4/i4/2208200499199/O1CN01YOtt7F2HpC1cZyMYi_!!0-item_pic.jpg_180x180.jpg_.webp,瑰冠指甲贴片美甲成品可穿戴美甲女美甲贴片成品可拆卸防水,¥29.00,937
142,https://item.taobao.com/item.htm?id=639751479427&ns=1&abbucket=11#detail,https://g-search3.alicdn.com/img/bao/uploaded/i4/i4/2540914327/O1CN01dFOks41hpoRejy15B_!!2540914327.jpg_180x180.jpg_.webp,网红同款美甲贴纸小清新白色爱心指甲DIY装饰星芒3D背胶片,¥5.80,928
143,https://item.taobao.com/item.htm?id=615384448545&ns=1&abbucket=11#detail,https://g-search3.alicdn.com/img/bao/uploaded/i4/i4/49783861/O1CN01wT0QAG1eONnsDMcJC_!!49783861.jpg_180x180.jpg_.webp,儿童指甲贴片冰雪奇缘迪士尼公主环保美甲贴可爱卡通女孩纸,¥9.93,928
144,https://item.taobao.com/item.htm?id=528109559380&ns=1&abbucket=11#detail,https://g-search3.alicdn.com/img/bao/uploaded/i4/i3/653139178/O1CN01jvv2Ul2HfZjaqTqs8_!!0-item_pic.jpg_180x180.jpg_.webp,日本进口超薄无痕甲片免刻磨透明全贴半贴穿戴延长片美甲店用,¥28.00,927
145,https://item.taobao.com/item.htm?id=620535316476&ns=1&abbucket=11#detail,https://g-search3.alicdn.com/img/bao/uploaded/i4/i4/36886413/O1CN01yY2uLR1xFCZpyD9vd_!!36886413.jpg_180x180.jpg_.webp,美甲小熊饰品小红书果汁软糖极光幻彩亮片3D可爱立体熊超仙,¥1.00,926
146,https://detail.tmall.com/item.htm?id=599036017625&ns=1&abbucket=11,https://g-search2.alicdn.com/img/bao/uploaded/i4/i1/2204110503895/O1CN01v3yZey1edxL3snxDA_!!2204110503895-0-picasso.jpg_180x180.jpg_.webp,指甲贴纸【春季新款】全贴甲片防水持久贴片成品穿戴拆卸美甲3d,¥22.80,921
147,https://item.taobao.com/item.htm?id=622498099172&ns=1&abbucket=11#detail,https://g-search2.alicdn.com/img/bao/uploaded/i4/i1/916591847/O1CN01C8mDur1PVy8uZtIha_!!916591847-0-lubanu-s.jpg_180x180.jpg_.webp,网红立体蝴蝶热缩片美甲美甲饰品爆款超仙贴指甲装饰已剪切约40片,¥3.80,918
148,https://item.taobao.com/item.htm?id=610366891374&ns=1&abbucket=11#detail,https://g-search3.alicdn.com/img/bao/uploaded/i4/i1/3169902170/O1CN014bMIWV1Rtu5VO58yD_!!0-item_pic.jpg_180x180.jpg_.webp,小红书抖音5d爆款指甲贴纸圣诞美甲片全贴防水持久7-14天甲油膜,¥9.90,915
149,https://item.taobao.com/item.htm?id=628988528322&ns=1&abbucket=11#detail,https://g-search1.alicdn.com/img/bao/uploaded/i4/i3/153425621/O1CN01nQg9ye1rOSwamPKvd_!!0-item_pic.jpg_180x180.jpg_.webp,穿戴美甲指甲贴片防水美甲贴成品穿戴式假指甲甲片反复使用可拆卸,¥9.90,911
150,https://detail.tmall.com/item.htm?id=629298715666&ns=1&abbucket=11,https://g-search2.alicdn.com/img/bao/uploaded/i4/i1/2207955173809/O1CN01h9b91D1e0ZF59jvtX_!!0-item_pic.jpg_180x180.jpg_.webp,果冻胶美甲贴指甲贴片穿戴甲双面甲片成品胶水胶超薄高粘度防水式,¥8.80,909
151,https://item.taobao.com/item.htm?id=523392520016&ns=1&abbucket=11#detail,https://g-search2.alicdn.com/img/bao/uploaded/i4/i4/1977822990/TB2U14qC1SSBuNjy0FlXXbBpVXa_!!1977822990.jpg_180x180.jpg_.webp,美甲甲片指甲贴片打板样5号练习单号500片装透明美甲全假片,¥1.80,900
152,https://detail.tmall.com/item.htm?id=638379218919&ns=1&abbucket=11,https://g-search2.alicdn.com/img/bao/uploaded/i4/i3/2207376884619/O1CN01zX1f5R1jzY677lQrH_!!0-item_pic.jpg_180x180.jpg_.webp,延长胶美甲快速光疗水晶胶无纸托免指甲贴片粘钻饰品工具套装全套,¥9.90,899
153,https://detail.tmall.com/item.htm?id=610975015209&ns=1&abbucket=11,https://g-search3.alicdn.com/img/bao/uploaded/i4/i1/2204110503895/O1CN01aF4JLf1edxL93vxMy_!!2204110503895-0-picasso.jpg_180x180.jpg_.webp,【滋养型23款—无需封层】凝胶指甲贴纸持久14天爆闪亮片美甲纸,¥26.80,888
154,https://detail.tmall.com/item.htm?id=605030480234&ns=1&abbucket=11,https://g-search3.alicdn.com/img/bao/uploaded/i4/i1/1090137190/O1CN01ql7oki22z4HGx9Pt2_!!0-item_pic.jpg_180x180.jpg_.webp,贝壳片美甲白色超薄装饰碎片彩色鲍鱼片新款日系饰品网红片,¥4.80,880
155,https://item.taobao.com/item.htm?id=636220829763&ns=1&abbucket=11#detail,https://g-search3.alicdn.com/img/bao/uploaded/i4/i1/271476285/O1CN01UigHx81wIZvaehtfY_!!271476285.jpg_180x180.jpg_.webp,网红美甲蹦迪极光玻璃纸超薄2021超火镭射不规则镜面指甲纸装饰,¥4.50,878
156,https://item.taobao.com/item.htm?id=626101109933&ns=1&abbucket=11#detail,https://g-search3.alicdn.com/img/bao/uploaded/i4/i1/916591847/O1CN014ndhyW1PVy9bT0oBL_!!916591847-0-lubanu-s.jpg_180x180.jpg_.webp,免刻磨超薄无痕美甲甲片半贴贴片两用透明成品拆卸假延长盒装,¥14.80,871
157,https://detail.tmall.com/item.htm?id=632540485645&ns=1&abbucket=11,https://g-search3.alicdn.com/img/bao/uploaded/i4/i1/2206508869227/O1CN01jt5HqY2I218smIxgw_!!0-item_pic.jpg_180x180.jpg_.webp,指甲贴片可穿戴甲美甲成品拆卸式短款指甲贴甲片女法式网红ins风,¥15.80,867
158,https://detail.tmall.com/item.htm?id=576233924685&ns=1&abbucket=11,https://g-search1.alicdn.com/img/bao/uploaded/i4/i2/2453881508/O1CN01m7NJ5C1N0hpQgI7Bc_!!0-item_pic.jpg_180x180.jpg_.webp,新娘美甲成品穿戴式假指甲拆卸甲片结婚孕妇贴水钻婚纱照婚甲片,¥20.99,863
159,https://item.taobao.com/item.htm?id=629713464604&ns=1&abbucket=11#detail,https://g-search3.alicdn.com/img/bao/uploaded/i4/i2/863477872/O1CN01OeX8Aw281QT5oAoiZ_!!863477872.jpg_180x180.jpg_.webp,法式欧美裸色学生自由拆卸穿戴持久可反复使用美甲成品假片,¥4.88,862
160,https://detail.tmall.com/item.htm?id=602840225264&ns=1&abbucket=11,https://g-search3.alicdn.com/img/bao/uploaded/i4/i1/2206485381800/O1CN01yfStJD1PARYcvzHhq_!!0-item_pic.jpg_180x180.jpg_.webp,日本MOE甲片胶水粘假指甲贴片解胶剂卸除甲片无刺激味美甲专用,¥29.00,861
161,https://item.taobao.com/item.htm?id=614794225539&ns=1&abbucket=11#detail,https://g-search3.alicdn.com/img/bao/uploaded/i4/i1/749662575/O1CN01MiYN8f1UtOSdlYAFt_!!749662575.jpg_180x180.jpg_.webp,杨颖同款美甲饰品爱心亮片超薄新娘指甲贴红色桃心大小尺寸彩色,¥1.78,852
162,https://item.taobao.com/item.htm?id=632542586862&ns=1&abbucket=11#detail,https://g-search1.alicdn.com/img/bao/uploaded/i4/i1/749662575/O1CN01r59PZS1UtOVbcrjpe_!!749662575.jpg_180x180.jpg_.webp,美甲饰品盒网红爆款小红书同款爱心软陶指甲贴片桃心轻奢装饰日系,¥2.80,843
163,https://item.taobao.com/item.htm?id=619310650324&ns=1&abbucket=11#detail,https://g-search1.alicdn.com/img/bao/uploaded/i4/i1/271476285/O1CN01UrYHYZ1wIZsLNADYV_!!271476285.jpg_180x180.jpg_.webp,进口美甲超薄贝壳片2021新日系爆火高端天然幻彩贝壳碎片片,¥3.50,842
164,https://item.taobao.com/item.htm?id=525874595516&ns=1&abbucket=11#detail,https://g-search3.alicdn.com/img/bao/uploaded/i4/i2/2713939486/O1CN01lnB3102Jwdk1ULIKW_!!0-item_pic.jpg_180x180.jpg_.webp,韩国儿童指甲贴小鸟小兔指甲贴纸贴花小孩孕妇环保可爱防水,¥8.80,841
165,https://item.taobao.com/item.htm?id=583453890080&ns=1&abbucket=11#detail,https://g-search2.alicdn.com/img/bao/uploaded/i4/i1/53000265/O1CN01QkZQgJ1DpPRMzCTJ7_!!53000265.jpg_180x180.jpg_.webp,美甲梯形平底钻网红正方形幻彩AB透明水钻指甲贴美甲装饰钻10颗装,¥2.20,831
166,https://item.taobao.com/item.htm?id=618796318064&ns=1&abbucket=11#detail,https://g-search2.alicdn.com/img/bao/uploaded/i4/i1/53000265/O1CN01xfVXuk1DpPYXzUcvo_!!53000265.jpg_180x180.jpg_.webp,百搭美甲小钢珠饰品金色银色玫瑰金指甲装饰日系指甲贴芭蕾舞鞋钻,¥1.20,827
167,https://detail.tmall.com/item.htm?id=638064840190&ns=1&abbucket=11,https://g-search2.alicdn.com/img/bao/uploaded/i4/i2/2206588314948/O1CN01cQKxxm1mQEP2gI4eb_!!2206588314948-0-C2M.jpg_180x180.jpg_.webp,美甲贴指甲贴指甲贴纸美甲贴纸全贴防水持久3d手指甲纸片美甲,¥2.50,822
168,https://detail.tmall.com/item.htm?id=639075063799&ns=1&abbucket=11,https://g-search3.alicdn.com/img/bao/uploaded/i4/i2/1090137190/O1CN01DPAe5t22z4NRgNfHU_!!0-item_pic.jpg_180x180.jpg_.webp,KaSi甲片贴片指甲延长半贴超薄无痕透明免打磨磨砂全贴美甲店专用,¥12.80,816
169,https://item.taobao.com/item.htm?id=561111880787&ns=1&abbucket=11#detail,https://g-search1.alicdn.com/img/bao/uploaded/i4/i1/11786421/O1CN01Iwq2PI1xIrnlxEWgP_!!0-item_pic.jpg_180x180.jpg_.webp,韩国DASHING DIVA指甲贴片成品美甲贴穿戴式防水可拆卸2021春季新,¥58.00,816
170,https://item.taobao.com/item.htm?id=633349298247&ns=1&abbucket=11#detail,https://g-search2.alicdn.com/img/bao/uploaded/i4/i4/93420747/O1CN01QUs5Gl1HOAVCUx9DD_!!93420747.jpg_180x180.jpg_.webp,穿戴式美甲贴片成品套装全套工具可拆卸短款甲片网红爆款假,¥9.80,815
171,https://item.taobao.com/item.htm?id=590020784419&ns=1&abbucket=11#detail,https://g-search2.alicdn.com/img/bao/uploaded/i4/i4/2540914327/O1CN01w7oOKm1hpoR8RiZLP_!!2540914327.jpg_180x180.jpg_.webp,泫雅同款美甲贴纸立体荷包蛋贴纸女小清新花朵草莓3D背胶花,¥1.80,813
172,https://item.taobao.com/item.htm?id=20708811159&ns=1&abbucket=11#detail,https://g-search1.alicdn.com/img/bao/uploaded/i4/i4/12908023671268875/T1KlaSXwxXXXXXXXXX_!!0-item_pic.jpg_180x180.jpg_.webp,美甲珍珠饰品 指甲钻 日系美甲平底珍珠 贴钻 美甲用品,¥1.00,807
173,https://item.taobao.com/item.htm?id=554450049371&ns=1&abbucket=11#detail,https://g-search2.alicdn.com/img/bao/uploaded/i4/i1/53000265/TB2HNdLzAqvpuFjSZFhXXaOgXXa_!!53000265.jpg_180x180.jpg_.webp,美甲饰品爱心亮片超薄新娘指甲贴红色桃心大小尺寸彩色亮片DIY混,¥2.00,807
174,https://item.taobao.com/item.htm?id=612928117861&ns=1&abbucket=11#detail,https://g-search3.alicdn.com/img/bao/uploaded/i4/i2/1787278668/O1CN01UfhPgP2DtzgS8B5Oz_!!1787278668.jpg_180x180.jpg_.webp,指甲贴片穿戴美甲甲片成品可反复拆卸假指甲可取可带穿戴式女防水,¥29.00,799
175,https://item.taobao.com/item.htm?id=638535241829&ns=1&abbucket=11#detail,https://g-search3.alicdn.com/img/bao/uploaded/i4/i4/2229335702/O1CN014USh5F1rzZ1ds44OO_!!2229335702.jpg_180x180.jpg_.webp,2021热款薄韧美甲贴日系少女贴纸5d指甲防水贴纸 红色爱心 星星,¥6.80,798
176,https://item.taobao.com/item.htm?id=614848820878&ns=1&abbucket=11#detail,https://g-search3.alicdn.com/img/bao/uploaded/i4/i1/743545527/O1CN01SZXBxw1qhPeECZj68_!!743545527.jpg_180x180.jpg_.webp,baby同款美甲贴纸女春季波点小清新指甲贴纸爱心防水持久片,¥9.90,790
177,https://detail.tmall.com/item.htm?id=623237289236&ns=1&abbucket=11,https://g-search3.alicdn.com/img/bao/uploaded/i4/i2/2208200499199/O1CN01NlRSJk2HpC1M8Qa8k_!!0-item_pic.jpg_180x180.jpg_.webp,瑰冠脚指甲贴片美甲成品甲片可拆卸甲脚指持久脚趾甲全穿戴式甲,¥29.00,785
178,https://item.taobao.com/item.htm?id=617585481877&ns=1&abbucket=11#detail,https://g-search2.alicdn.com/img/bao/uploaded/i4/i2/12185601/O1CN01UBgLL51rFJ0XqL8vc_!!0-item_pic.jpg_180x180.jpg_.webp,茉季半透小雏菊美甲贴纸贴片甲片贴指甲贴小清新贴花046灿若花开,¥9.80,778
179,https://item.taobao.com/item.htm?id=594191736647&ns=1&abbucket=11#detail,https://g-search3.alicdn.com/img/bao/uploaded/i4/i1/1109213336/O1CN01a75Xy01aVvuVwIDWV_!!0-item_pic.jpg_180x180.jpg_.webp,立体5d网红指甲贴纸防水持久7-14天可卸穿戴成品美甲片甲油膜全,¥4.30,778
180,https://item.taobao.com/item.htm?id=589589467775&ns=1&abbucket=11#detail,https://g-search3.alicdn.com/img/bao/uploaded/i4/i2/2200726749367/O1CN011Z5Ng82J48c8aM4aP_!!0-item_pic.jpg_180x180.jpg_.webp,指甲贴片美甲成品穿戴式可拆卸果冻胶可摘可戴假指甲片甲壳虫美甲,¥7.50,777
181,https://detail.tmall.com/item.htm?id=632518729615&ns=1&abbucket=11,https://g-search2.alicdn.com/img/bao/uploaded/i4/i1/2421630186/O1CN01kdGZH11DFEJ5Sg45R_!!0-item_pic.jpg_180x180.jpg_.webp,搏乐贝壳片美甲超薄日系幻彩鲍鱼碎片饰品指甲装饰贴片新款贝壳石,¥3.50,776
182,https://item.taobao.com/item.htm?id=633261616583&ns=1&abbucket=11#detail,https://g-search2.alicdn.com/img/bao/uploaded/i4/i1/271476285/O1CN01Lz15801wIZvKx0c9t_!!271476285.jpg_180x180.jpg_.webp,5颗装】日系美甲蝴蝶结饰品钻新网红爆款迷你少女心指甲diy装饰,¥2.80,767
183,https://item.taobao.com/item.htm?id=638179008632&ns=1&abbucket=11#detail,https://g-search3.alicdn.com/img/bao/uploaded/i4/i1/271476285/O1CN01EdmBkB1wIZvuiuXqN_!!271476285.jpg_180x180.jpg_.webp,网红爆款冰块玻璃纸2021年镭射极光美甲镜面贴纸七彩糖果装饰,¥2.00,766
184,https://item.taobao.com/item.htm?id=597901668960&ns=1&abbucket=11#detail,https://g-search3.alicdn.com/img/bao/uploaded/i4/i1/53000265/O1CN01Hdvzk01DpPV5Ai6JL_!!53000265.jpg_180x180.jpg_.webp,泫雅同款美甲贴纸小红书ins风爆款指甲3D贴花全贴少女网红背带胶,¥1.50,760
185,https://item.taobao.com/item.htm?id=592144129696&ns=1&abbucket=11#detail,https://g-search3.alicdn.com/img/bao/uploaded/i4/i1/2540914327/O1CN01WlhjTD1hpoILeQ1JJ_!!2540914327.jpg_180x180.jpg_.webp,美甲甲片胶水专用镶钻贴粘假指甲片强力防水持久不伤指甲钻胶水,¥2.98,756
186,https://item.taobao.com/item.htm?id=623598632559&ns=1&abbucket=11#detail,https://g-search3.alicdn.com/img/bao/uploaded/i4/i4/3464708388/O1CN01axe6y12BpkoWrewk2_!!3464708388-0-lubanu-s.jpg_180x180.jpg_.webp,网红极光蝴蝶美甲饰品立体水晶镭射蝴蝶百搭日式超闪指甲饰品片,¥1.20,753
187,https://item.taobao.com/item.htm?id=631604879033&ns=1&abbucket=11#detail,https://g-search3.alicdn.com/img/bao/uploaded/i4/i1/2038799035/O1CN01HFijmv2Gc55aKV9Sm_!!2038799035.png_180x180.jpg_.webp,假指甲贴片光疗成品 Laura同款法式 穿戴甲新娘甲孕妇甲片美甲,¥38.80,752
188,https://detail.tmall.com/item.htm?id=615904134335&ns=1&abbucket=11,https://g-search2.alicdn.com/img/bao/uploaded/i4/i1/4035899060/O1CN01fThG6C2GnX0fH4dq7_!!0-item_pic.jpg_180x180.jpg_.webp,火星猪儿童指甲贴片公主可爱小孩女宝宝安全无毒防水美甲纹身纸,¥19.90,745
189,https://item.taobao.com/item.htm?id=559735755267&ns=1&abbucket=11#detail,https://g-search3.alicdn.com/img/bao/uploaded/i4/i4/690735085/O1CN01fp6uuU1nQyYajIEAm_!!0-item_pic.jpg_180x180.jpg_.webp,儿童卡通指甲贴女孩韩国公主冰雪奇缘美甲贴宝宝指甲纸小孩画,¥9.97,733
190,https://item.taobao.com/item.htm?id=622752460843&ns=1&abbucket=11#detail,https://g-search3.alicdn.com/img/bao/uploaded/i4/i4/36886413/O1CN01bmXW6S1xFCa74pLpb_!!36886413.jpg_180x180.jpg_.webp,网红爆款美甲蝴蝶结饰品混装神仙幻彩极光色百搭3D立体树脂,¥1.50,733
191,https://item.taobao.com/item.htm?id=617297150404&ns=1&abbucket=11#detail,https://g-search3.alicdn.com/img/bao/uploaded/i4/i1/2567951661/O1CN017TLZci1O8mSmPcl49_!!2567951661.jpg_180x180.jpg_.webp,儿童指甲贴纸美甲片贴花公主可爱防水小女孩宝宝卡通安全画,¥1.80,733
192,https://item.taobao.com/item.htm?id=625134105430&ns=1&abbucket=11#detail,https://g-search3.alicdn.com/img/bao/uploaded/i4/i1/405056123/O1CN01k1hRXC1v6Nj6ytM3V_!!405056123.jpg_180x180.jpg_.webp,网红美甲欧泊粉偏光粉梦幻超薄冰晶雪绒粉高闪云锦粉装饰品,¥5.80,730
193,https://item.taobao.com/item.htm?id=638610838093&ns=1&abbucket=11#detail,https://g-search2.alicdn.com/img/bao/uploaded/i4/i3/2581827704/O1CN01OIsEPx26mTwzqRzib_!!2581827704.jpg_180x180.jpg_.webp,短款裸色假指甲贴片成品美甲可拆卸穿戴式防水贴纸孕妇可用片,¥9.90,729
194,https://item.taobao.com/item.htm?id=638262034193&ns=1&abbucket=11#detail,https://g-search3.alicdn.com/img/bao/uploaded/i4/i1/2176368383/O1CN01YeJHrr2BnSsXqegtZ_!!2176368383.jpg_180x180.jpg_.webp,蝴蝶结黑边梯形法式裸色指甲贴片美甲成品网红同款穿戴式防水甲片,¥18.00,729
195,https://item.taobao.com/item.htm?id=625662045994&ns=1&abbucket=11#detail,https://g-search1.alicdn.com/img/bao/uploaded/i4/i3/790429339/O1CN01HwbeA32IrJWXfV0fB_!!790429339.png_180x180.jpg_.webp,超长极光奶白人鱼姬欧美小红书穿戴拆卸美甲成品假片学生甲,¥5.50,726
196,https://item.taobao.com/item.htm?id=619368228163&ns=1&abbucket=11#detail,https://g-search3.alicdn.com/img/bao/uploaded/i4/i1/1043887522/O1CN01pCD5Kh25R7oICIAhK_!!1043887522-0-lubanu-s.jpg_180x180.jpg_.webp,手工穿戴甲片成品假指甲定制白色新娘蝴蝶钻长款美甲小红书同款,¥29.90,726
197,https://item.taobao.com/item.htm?id=625463911050&ns=1&abbucket=11#detail,https://g-search1.alicdn.com/img/bao/uploaded/i4/i1/2206620573549/O1CN0173xXlJ1c5UGPdKzGj_!!2206620573549.jpg_180x180.jpg_.webp,网红美甲饰品冰透日式旋转水晶蝴蝶立体指甲饰品奢华水钻美甲,¥1.60,724
198,https://item.taobao.com/item.htm?id=569178613882&ns=1&abbucket=11#detail,https://g-search3.alicdn.com/img/bao/uploaded/i4/i3/2999487986/O1CN01VpIIaK28rdeOmWW14_!!0-item_pic.jpg_180x180.jpg_.webp,穿戴式甲片手工成品光疗假指甲拆卸美少女战士高贵长款美甲片图,¥59.99,723
199,https://item.taobao.com/item.htm?id=599449673839&ns=1&abbucket=11#detail,https://g-search2.alicdn.com/img/bao/uploaded/i4/i4/2687402192/O1CN01cFIuQ51S3yiuzz4fD_!!2687402192.jpg_180x180.jpg_.webp,美甲贴纸防水黑白彩色花朵指甲贴日系小清新贴片DIY油胶花,¥8.90,723
200,https://item.taobao.com/item.htm?id=633777269668&ns=1&abbucket=11#detail,https://g-search3.alicdn.com/img/bao/uploaded/i4/i4/2177648624/O1CN01zCM7VK2DZqL7Pz9uk_!!0-item_pic.jpg_180x180.jpg_.webp,美甲免打磨超薄磨砂甲片胶水折无痕延长假指甲贴片短方梯形穿戴式,¥13.90,716
201,https://item.taobao.com/item.htm?id=624115729436&ns=1&abbucket=11#detail,https://g-search3.alicdn.com/img/bao/uploaded/i4/i1/2540914327/O1CN01RWuht01hpoO7b6sUT_!!2540914327-0-lubanu-s.jpg_180x180.jpg_.webp,延长甲片贴美甲店专用成品拆卸假指甲脚趾透明超薄穿戴式无痕全,¥15.50,702
202,https://detail.tmall.com/item.htm?id=556287137331&ns=1&abbucket=11,https://g-search3.alicdn.com/img/bao/uploaded/i4/i1/1098943932/O1CN01C9YX5c1eutyA0kD2u_!!0-item_pic.jpg_180x180.jpg_.webp,甲片胶水穿戴成品指甲贴片胶水美甲贴美甲店专用粘假片持久,¥10.00,695
203,https://detail.tmall.com/item.htm?id=12279552125&ns=1&abbucket=11,https://g-search3.alicdn.com/img/bao/uploaded/i4/i1/726650979/O1CN01JOHZ8p1J6QNWDavDs_!!0-item_pic.jpg_180x180.jpg_.webp,美甲笔点钻笔快速美甲彩绘笔做指甲专用双头点花针贴钻画波点工具,¥8.00,695
204,https://item.taobao.com/item.htm?id=566882596300&ns=1&abbucket=11#detail,https://g-search1.alicdn.com/img/bao/uploaded/i4/i3/2183115362/O1CN01scQwuG1pTqMWpaChy_!!0-item_pic.jpg_180x180.jpg_.webp,星星月亮美甲饰品钻石水钻日系指甲混装新款珍珠铆钉金属圆盒片,¥6.10,686
205,https://item.taobao.com/item.htm?id=624752012034&ns=1&abbucket=11#detail,https://g-search3.alicdn.com/img/bao/uploaded/i4/i4/3251476246/O1CN01yJvyRx1w0iUaqLvnh_!!3251476246.jpg_180x180.jpg_.webp,假指甲极光贴片美甲成品女欧美中长款可反复拆卸穿戴式蝴蝶美甲片,¥9.90,684
206,https://item.taobao.com/item.htm?id=619820274428&ns=1&abbucket=11#detail,https://g-search3.alicdn.com/img/bao/uploaded/i4/i1/1997721017/O1CN01pVPwux1JNpQ113Qc0_!!1997721017-0-lubanu-s.jpg_180x180.jpg_.webp,美甲色卡展示板样本透明甲油胶色板美甲店用练习指甲片试打色板,¥2.90,683
207,https://detail.tmall.com/item.htm?id=627544024493&ns=1&abbucket=11,https://g-search3.alicdn.com/img/bao/uploaded/i4/i3/2208435099280/O1CN01eqmd9h2IQI7gGplKm_!!0-item_pic.jpg_180x180.jpg_.webp,美甲工具黄胶果冻贴穿戴甲双面胶指甲贴片可拆卸穿戴美甲甲片配件,¥2.80,682
208,https://detail.tmall.com/item.htm?id=12236093463&ns=1&abbucket=11,https://g-search2.alicdn.com/img/bao/uploaded/i4/i3/726650979/O1CN01qTmOo01J6QNTGWQ1Z_!!0-item_pic.jpg_180x180.jpg_.webp,美潮美甲工具指甲刀一字剪指甲钳延长甲甲片剪刀假指甲贴片钳,¥9.80,679
209,https://detail.tmall.com/item.htm?id=570746466925&ns=1&abbucket=11,https://g-search3.alicdn.com/img/bao/uploaded/i4/i1/862651813/TB2hfnhuamWBuNjy1XaXXXCbXXa_!!862651813-0-item_pic.jpg_180x180.jpg_.webp,脚指甲甲片美甲成品脚趾甲贴片穿戴拆卸可取可带防水镶钻片,¥16.00,679
210,https://item.taobao.com/item.htm?id=621288313285&ns=1&abbucket=11#detail,https://g-search1.alicdn.com/img/bao/uploaded/i4/i3/3055141721/O1CN01HrxYg41OaGG7G1opL_!!3055141721.jpg_180x180.jpg_.webp,指甲贴片美甲成品假指甲贴纸穿戴可穿戴女穿戴式拆卸美甲片成品,¥1.80,679
211,https://detail.tmall.com/item.htm?id=595733239041&ns=1&abbucket=11,https://g-search3.alicdn.com/img/bao/uploaded/i4/i1/3878527841/O1CN011WJbiN27nEBxkfmZM_!!0-item_pic.jpg_180x180.jpg_.webp,美甲工具美甲甲片假指甲贴片盒装甲片练习美甲全贴半无痕甲片,¥4.50,677
212,https://item.taobao.com/item.htm?id=639783894372&ns=1&abbucket=11#detail,https://g-search3.alicdn.com/img/bao/uploaded/i4/i1/53000265/O1CN01RgIPf61DpPcOrdHoz_!!53000265.jpg_180x180.jpg_.webp,2021年新款网红爆款爱心贴纸美甲饰品星星芒贴花带背胶指甲装饰品,¥2.40,674
213,https://detail.tmall.com/item.htm?id=623224553439&ns=1&abbucket=11,https://g-search3.alicdn.com/img/bao/uploaded/i4/i1/4070261757/O1CN0118WFrh1OqkYVNFQO1_!!0-item_pic.jpg_180x180.jpg_.webp,【短款甲片】DASHINGDIVA/黛丝堤华短款片精致免烤穿戴美甲,¥68.00,670
214,https://item.taobao.com/item.htm?id=589502505162&ns=1&abbucket=11#detail,https://g-search1.alicdn.com/img/bao/uploaded/i4/i3/3464708388/O1CN01CK1Dob2BpkidBE9nk_!!3464708388.jpg_180x180.jpg_.webp,ins女网红荷包蛋美甲贴纸草莓指甲3D立体煎蛋抖音同款可爱花片,¥1.88,668
215,https://detail.tmall.com/item.htm?id=624690026954&ns=1&abbucket=11,https://g-search1.alicdn.com/img/bao/uploaded/i4/i1/2208608063135/O1CN01ouyQpx1Z1sJHPD5VG_!!0-item_pic.jpg_180x180.jpg_.webp,美甲网红镭射超闪指甲贴片混合粗细散粉彩色亮片闪粉妖精之瞳饰品,¥1.99,667
216,https://detail.tmall.com/item.htm?id=568583783572&ns=1&abbucket=11,https://g-search3.alicdn.com/img/bao/uploaded/i4/i1/3258471254/O1CN01ZfDdt51L8NKXwL7ea_!!0-item_pic.jpg_180x180.jpg_.webp,mideer弥鹿儿童纹身贴纸画宝宝幼儿指甲贴男女孩公主卡通美甲纸,¥18.00,667
217,https://item.taobao.com/item.htm?id=627360704015&ns=1&abbucket=11#detail,https://g-search2.alicdn.com/img/bao/uploaded/i4/i1/2540914327/O1CN01bVJobZ1hpoOvzg4Bo_!!2540914327-0-lubanu-s.jpg_180x180.jpg_.webp,网红极光蝴蝶美甲饰品立体水晶镭射蝴蝶百搭日式超闪指甲饰品片,¥1.88,664
218,https://detail.tmall.com/item.htm?id=616096980862&ns=1&abbucket=11,https://g-search3.alicdn.com/img/bao/uploaded/i4/i1/1090137190/O1CN01UkFZfW22z4JBxiKGy_!!1090137190-0-lubanu-s.jpg_180x180.jpg_.webp,网红美甲ins贴贴纸定制diy立体装饰贴片成品防水卡通指甲花饰品,¥1.98,661
219,https://item.taobao.com/item.htm?id=615327329628&ns=1&abbucket=11#detail,https://g-search1.alicdn.com/img/bao/uploaded/i4/i1/139387882/O1CN01xuvhPs2860Np3QSzL_!!139387882.jpg_180x180.jpg_.webp,美甲专用贴甲片胶水解胶剂强力高粘度持久假指甲片钻镶钻粘得牢,¥3.50,659
