,名称,价格,商品连接,图片连接
0,【爆款帽子】阿迪达斯帽子夏男女遮阳运动潮流出行百搭棒球鸭舌帽,¥65,https://detail.vip.com/detail-3692918-2165607097.html,https://h2.appsimg.com/a.appsimg.com/upload/merchandise/pdcpos/1100002608/2020/0818/75/ebf58cfd-0705-4399-bc3d-c8d065e15295_218x218_90.jpg
1,【国潮爆款】李宁男女士运动帽百搭防晒遮阳透气棒球帽鸭舌帽,¥59,https://detail.vip.com/detail-100443428-1692640870503364.html,https://h2.appsimg.com/a.appsimg.com/upload/merchandise/pdcpos/1100006268/2021/0313/14/85a48264-8b26-406d-a77f-d121a0a0b9b4_218x218_90.jpg
2,【明星同款】帽子男女时尚潮流百搭棒球帽纯色韩版遮阳防晒鸭舌帽,¥32,https://detail.vip.com/detail-1710616893-6918897251082597149.html,https://h2.appsimg.com/a.appsimg.com/upload/merchandise/pdcvis/2020/07/31/148/0b4690b4-7b41-4a16-bf46-b20f5943d083_218x218_90.jpg
3,男帽女帽新款运动帽透气鸭舌帽休闲棒球帽遮阳帽情侣运动帽,¥75,https://detail.vip.com/detail-1711267733-6919098544626952021.html,https://h2.appsimg.com/a.appsimg.com/upload/merchandise/pdcvis/2020/12/17/94/edb802e8-c1f0-4def-800d-a241881120df_218x218_90.jpg
4,纽亦华NY标LOGO男女休闲潮流运动鸭舌帽棒球帽10531941,¥138,https://detail.vip.com/detail-1710620592-6917935137485833232.html,https://h2.appsimg.com/a.appsimg.com/upload/merchandise/pdcvis/2020/07/27/64/08764599-b361-43d3-a804-afadc1dcfb33_218x218_90.jpg
5,经典草字LOGO男女休闲运动棒球帽鸭舌帽804470,¥99,https://detail.vip.com/detail-1710620558-6919237352703550798.html,https://h2.appsimg.com/a.appsimg.com/upload/merchandise/pdcvis/2020/10/09/198/059167b1-ca61-49d7-acf9-280ff3e30206_218x218_90.jpg
6,2021年春季新款帽子运动帽棒球帽鸭舌帽户外防晒帽,¥58,https://detail.vip.com/detail-1710665355-6918138871173801867.html,https://h2.appsimg.com/a.appsimg.com/upload/merchandise/pdcvis/2020/03/13/162/fcb5fe86-4904-4d8b-bd8b-fb2bbc5f8d44_218x218_90.jpg
7,MLB 男女帽子马卡龙棒球帽刺绣运动NY鸭舌帽32CP77,¥197,https://detail.vip.com/detail-1711074311-6918881036659721991.html,https://h2.appsimg.com/a.appsimg.com/upload/merchandise/pdcvis/2020/07/21/148/4abdb32b-ef05-4a2e-9166-7a7402841cc2_218x218_90.jpg
8,【明星同款】韩版ins潮百搭鸭舌帽防晒运动遮阳帽棒球帽男女通用,¥32,https://detail.vip.com/detail-1710616893-6918858191157216029.html,https://h2.appsimg.com/a.appsimg.com/upload/merchandise/pdcvis/2020/07/07/177/d585fc7b-3c96-4e59-bdb3-9b5b118fe3b9_218x218_90.jpg
9,帽子女鸭舌帽韩版百搭网红ins街头潮人休闲黑色遮阳棒球帽,¥43,https://detail.vip.com/detail-1711359166-6919022946561833758.html,https://h2.appsimg.com/a.appsimg.com/upload/merchandise/pdcvis/2020/10/26/128/2f16a4a5-322d-4b6e-8698-6d5d14d20742_218x218_90.jpg
10,纽亦华全黑NY标LOGO男女休闲潮酷运动鸭舌帽棒球帽80468932,¥170,https://detail.vip.com/detail-1710620592-6917935137502917648.html,https://h2.appsimg.com/a.appsimg.com/upload/merchandise/pdcimg/2019/02/27/179/548677021551251987058_218x218_90.jpg
11,【清仓】蕾切尔【亮面英文字母棒球帽】防晒遮阳帽子鸭舌帽渔夫帽,¥44,https://detail.vip.com/detail-1710617378-6918180556374595330.html,https://h2.appsimg.com/a.appsimg.com/upload/merchandise/pdcvis/2019/03/25/151/217ff73e-4b17-40b8-831c-19978d8413a6_218x218_90.jpg
12,男帽女帽2021春季新款百搭运动帽鸭舌帽棒球帽,¥59,https://detail.vip.com/detail-1710665355-6919127505587849995.html,https://h2.appsimg.com/a.appsimg.com/upload/merchandise/pdcvis/2021/01/25/27/6e9bf4bd-84c8-4e7c-8a79-976f64d3fc1e_218x218_90.jpg
13,2021年春季新款中性款帽子男帽女帽鸭舌帽棒球帽,¥64,https://detail.vip.com/detail-1710665355-6918138872117286795.html,https://h2.appsimg.com/a.appsimg.com/upload/merchandise/pdcvis/613928/2021/0316/151/3974610a-a3b1-485c-8dce-19a6d3be544e_218x218_90.jpg
14,21年春夏季新款网球帽防紫外线太阳帽防晒帽子女棒球帽遮阳鸭舌帽,¥99,https://detail.vip.com/detail-1710613434-6919189361922401690.html,https://h2.appsimg.com/a.appsimg.com/upload/merchandise/pdcvis/600944/2021/0311/150/e755abd0-f92f-4f59-9f97-c2c98158d9d6_218x218_90.jpg
15,【清仓】小渔【双面双色-渔夫帽】防晒遮阳帽子女棒球帽鸭舌帽,¥27,https://detail.vip.com/detail-1710617378-6918689805402392258.html,https://h2.appsimg.com/a.appsimg.com/upload/merchandise/pdcvis/2020/03/11/110/d9e9df7f-4dcf-49da-9e60-b55293c6383f_218x218_90.jpg
16,草字logo男女休闲运动棒球帽子鸭舌帽可调节804877,¥114,https://detail.vip.com/detail-1710620558-6918982455183672398.html,https://h2.appsimg.com/a.appsimg.com/upload/merchandise/pdcvis/2020/10/09/33/b2081bc8-3e04-4b9b-9ab7-a2d684267fba_218x218_90.jpg
17,男童鸭舌帽大童夏季防晒遮阳网眼棒球帽休闲,¥58,https://detail.vip.com/detail-1710615119-6919224364266374799.html,https://h2.appsimg.com/a.appsimg.com/upload/merchandise/pdcvis/603409/2021/0314/41/730c9232-5110-4c3d-b813-96cccdd8896d_218x218_90.jpg
18,帽子男韩版透气速干男士棒球帽大头围鸭舌帽运动遮阳帽防晒太阳帽,¥57,https://detail.vip.com/detail-1710616893-6918848726186207453.html,https://h2.appsimg.com/a.appsimg.com/upload/merchandise/pdcvis/2020/06/28/112/1dc2e642-408b-455d-b1f8-dcf189af59f3_218x218_90.jpg
19,帽子女日系街头百搭潮流透气鸭舌帽字母刺绣遮阳防晒运动棒球帽女,¥32,https://detail.vip.com/detail-1710616893-6918915425239463453.html,https://h2.appsimg.com/a.appsimg.com/upload/merchandise/pdcvis/2020/08/11/39/dc8e63c8-b1ba-4dab-badc-d1d634fd0f61_218x218_90.jpg
20,帽子男女运动帽子情侣帽时尚休闲帽遮阳帽棒球帽鸭舌帽,¥59,https://detail.vip.com/detail-1711197182-6918863556730730142.html,https://h2.appsimg.com/a.appsimg.com/upload/merchandise/pdcvis/617179/2020/0712/163/7f09e2bb-ce29-45e1-9a50-946a97310758_218x218_90.jpg
21,中国李宁运动帽白帽子男女网球棒球帽鸭舌帽圆帽黑色跑步户外,¥55,https://detail.vip.com/detail-3668488-2165761170.html,https://h2.appsimg.com/a.appsimg.com/upload/merchandise/pdcpos/1100002472/2020/0902/99/c19ac4b6-5ed6-47a6-9fd0-b7840b03dd92_218x218_90.jpg
22,【国潮爆款】帽子男潮跑步运动帽遮阳太阳帽棒球帽鸭舌帽女,¥59,https://detail.vip.com/detail-3668488-2161633192.html,https://h2.appsimg.com/a.appsimg.com/upload/merchandise/pdcpos/1100002472/2021/0317/148/07a0b962-dcbc-46c4-b635-ade2eadd7cbc_218x218_90.jpg
23,【我家那闺女明星推荐】女鸭舌帽男百搭情侣遮阳帽太阳帽防晒帽,¥31,https://detail.vip.com/detail-1710613367-6918676474778347479.html,https://h2.appsimg.com/a.appsimg.com/upload/merchandise/pdcvis/600260/2020/0229/72/a0776e84-9a2c-4194-af10-a2052515f263_218x218_90.jpg
24,新款纯色软顶帽子女韩版休闲棒球帽简约鸭舌帽遮阳防晒帽男女帽,¥69,https://detail.vip.com/detail-1711201515-6919220243376824907.html,https://h2.appsimg.com/a.appsimg.com/upload/merchandise/pdcvis/2021/03/11/114/d2ddc6a8-e856-4d6d-aea3-4709b2eb6928_218x218_90.jpg
25,男帽女帽2021新款时尚运动帽鸭舌帽休闲帽子,¥189,https://detail.vip.com/detail-1711205705-6919228906497057545.html,https://h2.appsimg.com/a.appsimg.com/upload/merchandise/pdcvis/2021/03/18/96/ac540afc-7d0b-40d1-a35a-971e11bf7f60_218x218_90.jpg
26,【人气爆款】夏季太阳防晒帽女式鸭舌帽棒球帽遮阳帽子女款渔夫帽,¥33,https://detail.vip.com/detail-1711376259-6919144900110701571.html,https://h2.appsimg.com/a.appsimg.com/upload/merchandise/pdcvis/630299/2021/0119/170/d6cd6637-ddf8-44a8-9b5a-fceb3173f267_218x218_90.jpg
27,帽子女款鸭舌帽太阳帽子户外遮阳帽运动棒球帽女,¥33,https://detail.vip.com/detail-1710617136-6918883565310502224.html,https://h2.appsimg.com/a.appsimg.com/upload/merchandise/pdcvis/2020/07/22/47/09ccc844-1bdf-4527-a60b-5fda7a2e222f_218x218_90.jpg
28,时尚休闲帽子男遮阳帽棒球帽男鸭舌帽女帽子运动帽,¥59,https://detail.vip.com/detail-1711197182-6918996634547006302.html,https://h2.appsimg.com/a.appsimg.com/upload/merchandise/pdcvis/617179/2020/1005/95/4b9f18d3-bc88-4f1f-8db6-a11443e57a70_218x218_90.jpg
29,阿迪达斯帽子男鸭舌帽女情侣帽遮阳网球棒球帽户外运动帽,¥59,https://detail.vip.com/detail-3193813-2165913498.html,https://h2.appsimg.com/a.appsimg.com/upload/merchandise/pdcpos/1100000632/2020/0916/141/e4f634f1-231f-4435-a099-7617ee1eccc1_218x218_90.jpg
30,【清仓】默风【丝光质感金线勾边鸭舌帽】防晒遮阳棒球帽渔夫帽,¥48,https://detail.vip.com/detail-1710617378-6918723092695054722.html,https://h2.appsimg.com/a.appsimg.com/upload/merchandise/pdcvis/610386/2020/0731/147/aea58f59-bb1f-45d3-ba55-0720adc5750a_218x218_90.jpg
31,2021年春夏季新款防紫外线太阳帽防晒帽子女棒球帽遮阳帽鸭舌帽,¥129,https://detail.vip.com/detail-1710613434-6919189361922434458.html,https://h2.appsimg.com/a.appsimg.com/upload/merchandise/pdcvis/600944/2021/0310/2/8ee1ef82-c52e-4f50-96e4-840bed082035_218x218_90.jpg
32,男女棒球帽户外休闲遮阳鸭舌帽跑步运动帽,¥79,https://detail.vip.com/detail-1710666382-6918706717432738894.html,https://h2.appsimg.com/a.appsimg.com/upload/merchandise/pdcvis/2020/10/31/42/578f1525-6551-4d45-8265-e5c6c950bc63_218x218_90.jpg
33,时风【时尚简约欧美风棒球帽情侣帽】防晒遮阳帽子女鸭舌帽渔夫帽,¥24,https://detail.vip.com/detail-1710617378-6918486641503416386.html,https://h2.appsimg.com/a.appsimg.com/upload/merchandise/pdcvis/2019/10/23/178/6f55d7e8-8278-43d0-b529-f5d217e19bd3_218x218_90.jpg
34,帽子男士棒球帽户外休闲防晒大檐帽韩版骑行运动高尔夫透气鸭舌帽,¥30,https://detail.vip.com/detail-1711312185-6918869031560246105.html,https://h2.appsimg.com/a.appsimg.com/upload/merchandise/pdcvis/619748/2020/0712/58/7f3739a2-a6f9-43b3-89ee-8e39102a469d_218x218_90.jpg
35,帽子女夏天韩版潮遮阳棒球帽防晒遮脸日系百搭网红ins鸭舌帽,¥39,https://detail.vip.com/detail-1711492974-6919147814377588302.html,https://h2.appsimg.com/a.appsimg.com/upload/merchandise/pdcvis/632872/2021/0121/15/3ed18a00-29a7-4ee6-8d00-010e532ce928_218x218_90.jpg
36,【清仓】鹿思【小鹿水钻设计】防晒遮阳帽子女棒球帽鸭舌帽渔夫帽,¥48,https://detail.vip.com/detail-1710617378-6918825928204030978.html,https://h2.appsimg.com/a.appsimg.com/upload/merchandise/pdcvis/610386/2021/0225/185/5c8f37fa-6feb-4589-8156-02f7bcc80e97_218x218_90.jpg
37,帽子女款鸭舌帽太阳帽子户外遮阳帽运动棒球帽女,¥35,https://detail.vip.com/detail-1710617136-6918883565327402320.html,https://h2.appsimg.com/a.appsimg.com/upload/merchandise/pdcvis/2020/07/22/154/fb71430b-eb72-48db-a325-4609d71d1f45_218x218_90.jpg
38,19新品网球帽运动休闲帽潮流百搭时尚情侣鸭舌帽,¥33,https://detail.vip.com/detail-1710613367-6918412749038761175.html,https://h2.appsimg.com/a.appsimg.com/upload/merchandise/pdcvis/600260/2020/0113/68/b5632b10-5f41-4d99-972f-98b3e0c10562_218x218_90.jpg
39,男女休闲时尚帽子四季鸭舌帽棒球遮阳帽透气运动帽,¥66,https://detail.vip.com/detail-1711197182-6919088287026109534.html,https://h2.appsimg.com/a.appsimg.com/upload/merchandise/pdcvis/617179/2020/1210/183/e5ab068f-1b61-46d0-87fe-0e8ecffbfc31_218x218_90.jpg
40,【清仓】清凉【桃皮绒大帽檐盆帽】防晒遮阳棒球帽鸭舌帽渔夫帽,¥39,https://detail.vip.com/detail-1710617378-6918153292000658690.html,https://h2.appsimg.com/a.appsimg.com/upload/merchandise/pdcvis/610386/2020/0627/66/1c7818ae-0d70-4cb7-b2f6-e09ce5e95e4c_218x218_90.jpg
41,纽亦华NY侧标小LOGO男女休闲潮流鸭舌帽棒球帽11198850,¥146,https://detail.vip.com/detail-1710620592-6917935129882948624.html,https://h2.appsimg.com/a.appsimg.com/upload/merchandise/pdc/947/786/449029070200786947/2/11198850-5_218x275_90.jpg
42,【明星同款】帽子女经典字母刺绣鸭舌帽户外遮阳时尚运动棒球帽女,¥35,https://detail.vip.com/detail-1710616893-6918364851443025053.html,https://h2.appsimg.com/a.appsimg.com/upload/merchandise/pdcvis/2020/05/12/142/d443f2cd-2df0-4c44-af7f-413a5e056a46_218x218_90.jpg
43,帽子经典刺绣鸭舌帽遮阳帽男女休闲潮流运动帽,¥54,https://detail.vip.com/detail-1711197182-6918863556713887390.html,https://h2.appsimg.com/a.appsimg.com/upload/merchandise/pdcvis/617179/2020/0712/111/fe32e224-6dbf-443d-84b9-a9dadd64c8ea_218x218_90.jpg
44,男女同款时尚休闲字母刺绣棒球帽男女遮阳帽鸭舌帽,¥138,https://detail.vip.com/detail-1711197624-6919127439120287000.html,https://h2.appsimg.com/a.appsimg.com/upload/merchandise/pdcvis/2021/01/06/173/83dbecbb-5552-491e-82cf-32f97f3d8bcf_218x218_90.jpg
45,拉夏贝尔女款帽子鸭舌帽太阳帽女遮阳帽,¥54,https://detail.vip.com/detail-1711359166-6918949119358867422.html,https://h2.appsimg.com/a.appsimg.com/upload/merchandise/pdcvis/616282/2020/0902/66/c59380dd-ed6c-4238-90a3-0857b3f1991d_218x218_90.jpg
46,阿迪达斯棒球帽男帽女帽2021春秋新款运动帽子鸭舌帽潮,¥79,https://detail.vip.com/detail-3285617-2166503774.html,https://h2.appsimg.com/a.appsimg.com/upload/merchandise/pdcpos/1100000904/2021/0315/20/6a25c38a-5566-401c-a2a8-8110e3699ea0_218x218_90.jpg
47,拉夏贝尔女款帽子鸭舌帽太阳帽女遮阳帽,¥39,https://detail.vip.com/detail-1711359166-6918949119342073822.html,https://h2.appsimg.com/a.appsimg.com/upload/merchandise/pdcvis/616282/2020/1119/8/22f82bae-1f5d-40c2-8f0d-060ea67983e3_218x218_90.jpg
48,【多色可选可调节】新款撞色刺绣鸭舌帽女式帽子防晒帽棒球帽女,¥40,https://detail.vip.com/detail-1710613157-6919224439292957125.html,https://h2.appsimg.com/a.appsimg.com/upload/merchandise/pdcvis/104218/2021/0317/132/b90e8807-5ad3-488c-92d1-6dffdac4b965_218x218_90.jpg
49,明星同款帽子潮牌韩版鸭舌帽男女太阳帽男青年防晒遮阳帽棒球帽,¥69,https://detail.vip.com/detail-1711302529-6919167708774922241.html,https://h2.appsimg.com/a.appsimg.com/upload/merchandise/pdcvis/2021/02/02/62/f2e7e823-7ec6-4198-a1f4-6edc9304e185_218x218_90.jpg
50,2021新款帽子女款春秋薄款鸭舌帽洋气复古百搭全棉女士时装帽,¥109,https://detail.vip.com/detail-1711488234-6919224625459000650.html,https://h2.appsimg.com/a.appsimg.com/upload/merchandise/pdcvis/632561/2021/0315/43/6351e6ef-e6b9-43ba-9954-95e9bf96873a_218x218_90.jpg
51,运动帽子登山外出旅游休闲跑步街头潮人成人儿童鸭舌帽,¥29,https://detail.vip.com/detail-1710866077-6919188165202127965.html,https://h2.appsimg.com/a.appsimg.com/upload/merchandise/pdcvis/2021/02/04/16/0039d01f-90b1-4541-b0c7-281074d45099_218x218_90.jpg
52,太阳帽子女遮阳帽防晒帽韩版棒球帽男潮流学生情侣日系刺绣鸭舌帽,¥29,https://detail.vip.com/detail-1710613367-6918824548662305559.html,https://h2.appsimg.com/a.appsimg.com/upload/merchandise/pdcvis/600260/2020/0612/130/f17e4e93-c406-4e50-95bd-01fcc0daba4d_218x218_90.jpg
53,【爆款优品】男女防晒遮阳百搭透气棒球帽潮流鸭舌帽全棉款,¥62,https://detail.vip.com/detail-100443428-1347587991574660.html,https://h2.appsimg.com/a.appsimg.com/upload/merchandise/pdcpos/1100006268/2021/0310/124/90cceb61-6e8d-480d-b170-336424f8b978_218x218_90.jpg
54,运动帽男帽女帽新款鸭舌帽遮阳休闲帽子,¥79,https://detail.vip.com/detail-1710666382-6918751702701195406.html,https://h2.appsimg.com/a.appsimg.com/upload/merchandise/pdcvis/2020/11/10/193/242aa152-dc66-4e96-be5e-b846aa44e5e5_218x218_90.jpg
55,男帽女帽新款运动帽透气鸭舌帽休闲棒球帽遮阳帽情侣运动帽,¥75,https://detail.vip.com/detail-1711267733-6919098544694802261.html,https://h2.appsimg.com/a.appsimg.com/upload/merchandise/pdcvis/2020/12/17/149/58134274-6df6-4827-9b2c-2d62fafd6551_218x218_90.jpg
56,【时尚百搭】新款字母刺绣可调节鸭舌帽防晒帽女式帽子棒球帽女,¥36,https://detail.vip.com/detail-1710613157-6919224439511110085.html,https://h2.appsimg.com/a.appsimg.com/upload/merchandise/pdcvis/104218/2021/0317/19/a3840d65-8a69-4977-a11b-723d3b13c61f_218x218_90.jpg
57,【新款】文华【英文刺绣户外防晒情侣鸭舌帽】遮阳帽渔夫帽棒球帽,¥38,https://detail.vip.com/detail-1710617378-6919216894560924098.html,https://h2.appsimg.com/a.appsimg.com/upload/merchandise/pdcvis/2021/03/10/120/79044416-c690-4c87-ae9e-d63985dcae0a_218x218_90.jpg
58,春夏帽子女百搭棒球帽女韩版显脸小日系休闲遮阳贴布弯檐鸭舌帽男,¥49,https://detail.vip.com/detail-1710613140-6919219887711430612.html,https://h2.appsimg.com/a.appsimg.com/upload/merchandise/pdcvis/105556/2021/0311/53/3d761dd0-301c-4202-b3b2-48d4d304c00a_218x218_90.jpg
59,耐克男帽女帽新款运动帽户外遮阳帽子棒球休闲鸭舌帽太阳帽,¥169,https://detail.vip.com/detail-3618742-2166723543.html,https://h2.appsimg.com/a.appsimg.com/upload/merchandise/pdcpos/1100002153/2021/0325/129/bd7ceeb7-47ea-4ede-99db-e15117530c9f_218x218_90.jpg
60,【明星同款】男女士帽子2021春季新款运动帽透气鸭舌帽休闲棒球帽,¥219,https://detail.vip.com/detail-100859558-1707113713719750.html,https://h2.appsimg.com/a.appsimg.com/upload/merchandise/pdcpos/1100008554/2021/0323/137/07a55dae-856b-4797-b21c-16ec5f257280_218x218_90.jpg
61,帽子男女太阳帽时尚情侣款鸭舌帽百搭户外休闲帽子遮阳防晒棒球帽,¥58,https://detail.vip.com/detail-1711197182-6918863556730738334.html,https://h2.appsimg.com/a.appsimg.com/upload/merchandise/pdcvis/617179/2020/0705/190/c9238eb8-c233-4718-b5c2-49c09a9fe2d9_218x218_90.jpg
62,帽子女韩版潮棒球帽男百搭春夏鸭舌帽春冬户外休闲太阳帽,¥48,https://detail.vip.com/detail-1711359166-6919123222201519006.html,https://h2.appsimg.com/a.appsimg.com/upload/merchandise/pdcvis/2021/01/04/135/05965d9b-2338-4b2d-a7cf-ca98fa057638_218x218_90.jpg
63,【清仓】少女小渔【双面双色渔夫帽】防晒遮阳帽子女棒球帽鸭舌帽,¥38,https://detail.vip.com/detail-1710617378-6918121109383661314.html,https://h2.appsimg.com/a.appsimg.com/upload/merchandise/pdcvis/610386/2020/0627/51/21a63358-5b12-4321-ab90-182c705e71bd_218x218_90.jpg
64,【清仓】酷文【简约字母刺绣-情侣鸭舌帽】防晒遮阳棒球帽渔夫帽,¥27,https://detail.vip.com/detail-1710617378-6918737171780766082.html,https://h2.appsimg.com/a.appsimg.com/upload/merchandise/pdcvis/2020/04/13/124/7cbd8f13-11aa-4ad0-b743-0aff98ed29dd_218x218_90.jpg
65,【侧边字母】新款简约百搭帽子女鸭舌帽棒球帽遮阳帽女防晒帽,¥40,https://detail.vip.com/detail-1710613157-6919224439208923589.html,https://h2.appsimg.com/a.appsimg.com/upload/merchandise/pdcvis/104218/2021/0317/111/d29eeead-a9ee-4c92-a9fc-4ba264edaa12_218x218_90.jpg
66,【清仓】蜂景【潮流蜜蜂刺绣鸭舌帽】女款帽子遮阳帽防晒棒球帽女,¥38,https://detail.vip.com/detail-1710617378-6918692719865321346.html,https://h2.appsimg.com/a.appsimg.com/upload/merchandise/pdcvis/610386/2020/0526/18/3acafe3a-4b09-4c32-b055-35a92bb36b6f_218x218_90.jpg
67,帽子情侣款休闲时尚韩版潮流青年鸭舌帽纯色便携防晒防风中性帽子,¥44,https://detail.vip.com/detail-1710626853-6919224630808950533.html,https://h2.appsimg.com/a.appsimg.com/upload/merchandise/pdcvis/613707/2021/0315/72/e22c145a-1d00-4e6c-9796-07c141ed1574_218x218_90.jpg
68,男帽女帽新款运动帽时尚棒球帽潮流遮阳帽休闲鸭舌帽,¥82,https://detail.vip.com/detail-1711267754-6919046199703292810.html,https://h2.appsimg.com/a.appsimg.com/upload/merchandise/pdcvis/2020/11/08/135/b9b43f75-f8c0-4e6d-9fd8-58296272685e_218x218_90.jpg
69,帽子男夏天薄户外棒球帽速干休闲百搭钓鱼遮阳防晒太阳帽鸭舌帽女,¥58,https://detail.vip.com/detail-1711312185-6919234404917389593.html,https://h2.appsimg.com/a.appsimg.com/upload/merchandise/pdcvis/619748/2021/0321/94/e4d21db9-0056-4ac7-8e82-ce810743e735_218x218_90.jpg
70,JEEP/吉普2020秋冬新款男鸭舌帽旅行遮阳时尚棒球帽,¥54,https://detail.vip.com/detail-1710615868-6918921443053371484.html,https://h2.appsimg.com/a.appsimg.com/upload/merchandise/pdcvis/610316/2020/0817/50/70ecd4f4-1639-43fe-b112-246b1f65da0d_218x218_90.jpg
71,耐克帽子户外遮阳帽男女棒球休闲鸭舌帽太阳帽运动帽,¥165,https://detail.vip.com/detail-3285617-2166221724.html,https://h2.appsimg.com/a.appsimg.com/upload/merchandise/pdcpos/1100000904/2021/0305/41/3ea03cc5-c58f-4888-bb26-570d75bf2462_218x218_90.jpg
72,耐克男女中性帽2021春季新款运动休闲鸭舌帽棒球帽,¥185,https://detail.vip.com/detail-3285617-2166666950.html,https://h2.appsimg.com/a.appsimg.com/upload/merchandise/pdcpos/1100000904/2021/0319/171/1da3be4e-d03c-414f-aa2b-83df0d086b3f_218x218_90.jpg
73,MLB 泫雅同款老花系列棒球帽运动休闲鸭舌帽-32CPFB,¥386,https://detail.vip.com/detail-1711074311-6918809858946082311.html,https://h2.appsimg.com/a.appsimg.com/upload/merchandise/pdcvis/2020/06/09/196/5f868d1e-953d-4131-bbef-3f58b1c71b0e-1_218x218_90.jpg
74,中国李宁帽子男女百搭时尚户外运动帽网球棒球帽鸭舌帽韩版新款潮,¥53,https://detail.vip.com/detail-3668488-2165614719.html,https://h2.appsimg.com/a.appsimg.com/upload/merchandise/pdcpos/1100002472/2020/0630/154/d57965ff-5d58-45bd-964c-24ca403e47a9_218x218_90.jpg
75,2020新款网球帽休闲运动帽潮流百搭休闲鸭舌帽,¥27,https://detail.vip.com/detail-1710613367-6918418344350316567.html,https://h2.appsimg.com/a.appsimg.com/upload/merchandise/pdcvis/600260/2019/0906/12/2ad88aa7-30a8-4d43-a9ae-fdc5cf2d9e0b_218x218_90.jpg
76,春秋NY洋基贴边刺绣可调节遮阳帽弯檐帽棒球帽鸭舌帽,¥295,https://detail.vip.com/detail-1710617718-6918848780246320918.html,https://h2.appsimg.com/a.appsimg.com/upload/merchandise/pdcvis/2020/06/29/130/eede81d5-c6a7-437c-8def-de6d53412614_218x218_90.jpg
77,韩版时尚潮流ins英文字母帽檐棒球帽百搭男士女士鸭舌帽,¥29,https://detail.vip.com/detail-1710616893-6918939050809665053.html,https://h2.appsimg.com/a.appsimg.com/upload/merchandise/pdcvis/105055/2020/0828/115/5ad681fe-5073-43b9-b887-6d4e84320060_218x218_90.jpg
78,帽子男士棒球帽户外休闲防晒大檐帽韩版骑行运动高尔夫透气鸭舌帽,¥38,https://detail.vip.com/detail-1711314395-6919125520127077403.html,https://h2.appsimg.com/a.appsimg.com/upload/merchandise/pdcvis/619952/2021/0105/155/544031a5-dc1c-4389-9c87-1d865e388a1f_218x218_90.jpg
79,帽子鸭舌帽防晒太阳帽子户外遮阳帽运动棒球帽,¥44,https://detail.vip.com/detail-1710617136-6919227203581930192.html,https://h2.appsimg.com/a.appsimg.com/upload/merchandise/pdcvis/2021/03/16/196/786375b8-8983-42c2-b092-8b71f2ad2b0f_218x218_90.jpg
80,纽亦华NY侧标小LOGO男女休闲潮流鸭舌帽棒球帽11198849,¥172,https://detail.vip.com/detail-1710620592-6918983622743061584.html,https://h2.appsimg.com/a.appsimg.com/upload/merchandise/pdcvis/2020/09/30/53/22de4163-fefb-443e-8ad4-04f0db441add_218x218_90.jpg
81,【新款】美沿【香风字母水钻鸭舌帽】防晒遮阳帽子女棒球帽渔夫帽,¥68,https://detail.vip.com/detail-1710617378-6919218757064884674.html,https://h2.appsimg.com/a.appsimg.com/upload/merchandise/pdcvis/2021/03/11/158/0b0af0d6-f303-45eb-846a-d06666e76de3_218x218_90.jpg
82,耐克男女运动帽子休闲旅游登山遮阳帽棒球帽鸭舌帽,¥178,https://detail.vip.com/detail-3285617-2166510058.html,https://h2.appsimg.com/a.appsimg.com/upload/merchandise/pdcpos/1100000904/2021/0319/191/5df82924-40e0-47a3-b87e-14650852d3f7_218x218_90.jpg
83,纽亦华LA标LOGO男女休闲潮流运动鸭舌帽棒球帽11405493,¥178,https://detail.vip.com/detail-1710620592-6917935137519780880.html,https://h2.appsimg.com/a.appsimg.com/upload/merchandise/pdc/969/395/457191844525395969/2/11405493-5_218x275_90.jpg
84,帽子男潮鸭舌帽韩版百搭男士夏季棒球帽休闲太阳帽四季帽子,¥29,https://detail.vip.com/detail-1711312185-6918899476154122905.html,https://h2.appsimg.com/a.appsimg.com/upload/merchandise/pdcvis/619748/2020/0731/35/4ce092b7-196e-4d3d-ac01-9f1ecbbfec15_218x218_90.jpg
85,UR配件遮阳鸭舌帽时尚休闲棒球帽AW08BA4N2001,¥55,https://detail.vip.com/detail-1710614129-6919215599213307281.html,https://h2.appsimg.com/a.appsimg.com/upload/merchandise/pdcvop/00114240/10021309/765114574-3969718569838305315-3969718569838313623-1_218x218_90.jpg
